episode,total_reward,success_rate,avg_util,avg_imbalance,avg_response_time,constraint_violations,projections,deployed_pods,avg_available_nodes,min_available_nodes,safety_compliance_rate,minikube_avg_cpu,minikube-m02_avg_cpu,minikube-m03_avg_cpu,minikube-m04_avg_cpu,minikube_avg_mem,minikube-m02_avg_mem,minikube-m03_avg_mem,minikube-m04_avg_mem,epsilon
1,0,0,0,0,0,0,0,9,4,4,100.0,16.454545454545453,7.363636363636364,3.181818181818183,10.909090909090908,21.545454545454547,14.454545454545453,10.81818181818182,41.54545454545455,0.9985008997300406
2,37.65865323172845,81.81818181818183,9.477272727272727,5.556232527814753,4573.226084182269,0,0,14,4.0,4,100.0,14.333333333333334,9.833333333333332,3.5000000000000004,15.833333333333332,19.666666666666668,33.833333333333336,5.833333333333333,48.333333333333336,0.9925269380023368
3,20.535653778276867,83.33333333333334,10.875,5.379273723207037,8841.948324499754,0,0,28,4.0,4,100.0,19.944444444444446,8.000000000000002,6.111111111111112,9.166666666666666,44.00000000000001,30.66666666666667,13.055555555555557,20.833333333333336,0.9865887180738979
4,56.818273139368735,77.77777777777779,10.805555555555555,6.08871668672032,4984.444276333306,0,0,39,4.0,4,100.0,16.923076923076923,8.846153846153843,5.230769230769232,7.769230769230771,28.538461538461533,19.538461538461544,17.000000000000004,26.384615384615394,0.9806860261040145
5,47.99878740462662,84.61538461538461,9.69230769230769,5.458387517285445,8052.0002366157805,0,0,50,4.0,4,92.85714285714286,31.428571428571423,15.357142857142856,9.35714285714286,3.785714285714286,70.28571428571429,45.14285714285713,33.00000000000001,11.285714285714286,0.9748186495313712
6,50.739448513550926,78.57142857142857,14.982142857142858,10.657208575527902,4350.909077499767,1,1,55,4.0,4,100.0,16.625,4.625,5.500000000000001,3.25,21.750000000000004,15.250000000000002,21.250000000000004,6.75,0.9689863770663922
7,20.536007085897616,62.5,7.500000000000001,5.669315124127721,6906.161748374416,0,0,71,4.0,4,100.0,12.105263157894736,6.947368421052633,5.684210526315789,6.8421052631578965,16.47368421052631,21.789473684210527,17.894736842105267,20.52631578947369,0.9631889986836326
8,57.25406418978675,84.21052631578947,7.894736842105263,3.3819234367825404,11328.41417594701,0,0,86,4.0,4,100.0,16.944444444444443,8.166666666666668,8.555555555555555,6.4444444444444455,30.055555555555564,21.333333333333336,27.333333333333332,14.38888888888889,0.957426305614215
9,53.34741041631631,83.33333333333334,10.027777777777779,5.305708523238685,7069.798376444345,0,0,102,4.0,4,100.0,17.052631578947373,6.2631578947368425,7.7368421052631575,6.578947368421052,26.36842105263158,18.63157894736843,23.36842105263158,15.684210526315786,0.9516980903383123
10,66.94122816172276,84.21052631578947,9.407894736842106,5.502025038141587,7030.679965684325,0,0,115,4.0,4,94.73684210526316,22.842105263157894,4.578947368421053,16.421052631578945,3.3684210526315796,50.26315789473684,14.894736842105264,43.736842105263165,7.157894736842108,0.9460041465776737
11,59.4051711282077,68.42105263157895,11.802631578947368,9.847329866651883,4785.1676951582995,1,1,129,4.0,4,94.11764705882354,27.823529411764707,2.2352941176470584,7.823529411764706,6.294117647058823,57.76470588235294,3.882352941176471,23.52941176470588,10.647058823529413,0.9403442692881969
12,62.360408626659435,82.35294117647058,11.044117647058824,9.991760687741607,6925.464730588026,1,1,142,4.0,4,100.0,20.52941176470588,6.058823529411765,8.705882352941176,4.941176470588235,37.29411764705882,11.76470588235294,25.176470588235293,17.764705882352942,0.9347182546525445
13,46.81345801275492,76.47058823529412,10.058823529411766,6.506958925258403,4448.998030000118,0,0,153,4.0,4,100.0,19.333333333333336,13.999999999999998,5.5,6.500000000000002,31.5,38.58333333333333,17.333333333333336,25.750000000000007,0.9291259000728042
14,48.20592909890993,91.66666666666666,11.333333333333332,6.098787431015296,7259.723291749954,0,0,166,4.0,4,100.0,16.46666666666667,10.666666666666668,13.4,7.866666666666668,27.266666666666662,29.933333333333323,37.06666666666666,23.199999999999996,0.923567004163192
15,58.956673500302365,86.66666666666667,12.100000000000003,4.432160759946203,8637.251282666693,0,0,183,4.0,4,100.0,17.8,8.4,10.65,2.9000000000000004,36.70000000000001,16.050000000000004,38.800000000000004,3.95,0.9180413667428027
16,66.13734100162657,85.0,9.937500000000002,6.151166418894317,6984.018637199733,0,0,195,4.0,4,100.0,15.588235294117647,14.176470588235295,6.705882352941176,2.5294117647058827,22.88235294117647,29.05882352941176,14.352941176470585,6.294117647058823,0.912548788828398
17,51.46749216853592,70.58823529411765,9.750000000000002,6.187868938635644,3777.434311352836,0,0,210,4.0,4,100.0,23.166666666666664,6.833333333333333,8.222222222222223,11.222222222222221,47.33333333333335,12.555555555555554,32.55555555555556,36.83333333333334,0.9070890726272437
18,67.07629964023138,83.33333333333334,12.36111111111111,7.462243437572175,6003.683420500036,0,0,225,4.0,4,100.0,18.789473684210527,4.63157894736842,10.73684210526316,11.42105263157895,22.157894736842103,9.526315789473685,33.73684210526316,30.894736842105264,0.9016620215299852
19,55.65101527776244,78.94736842105263,11.394736842105264,5.600042489527142,5053.829328263467,0,0,240,4.0,4,100.0,16.222222222222218,7.000000000000001,7.5555555555555545,7.777777777777778,20.88888888888889,12.166666666666668,25.333333333333336,15.22222222222222,0.8962674401035682
20,65.19456875229976,83.33333333333334,9.63888888888889,4.786555011666324,5360.376350277268,0,0,241,4.0,4,100.0,19.5,7.000000000000001,17.75,7.000000000000001,41.5,11.0,62.74999999999999,15.75,0.8909051340842012
21,3.611005952474687,25.0,12.812499999999998,5.944965217701878,1599.4477029989866,0,0,250,4.0,4,100.0,16.307692307692314,5.461538461538462,11.384615384615387,10.153846153846157,29.846153846153843,10.769230769230768,33.92307692307692,27.0,0.8855749103703591
22,38.697439217270606,69.23076923076923,10.826923076923077,4.8446110697679785,6548.624732692238,0,0,263,4.0,4,100.0,18.333333333333332,3.5333333333333337,10.66666666666667,5.333333333333334,23.600000000000005,4.6,22.53333333333333,11.266666666666666,0.8802765770158295
23,56.06449335694964,86.66666666666667,9.466666666666669,5.991878928608038,3634.816161000587,0,0,276,4.0,4,100.0,17.000000000000004,5.055555555555556,7.944444444444445,13.333333333333334,28.16666666666666,7.722222222222223,17.333333333333336,34.555555555555564,0.875009943222802
24,55.74577403677247,72.22222222222221,10.833333333333334,5.682637159038875,7117.855852499916,0,0,283,4.0,4,100.0,18.999999999999996,8.545454545454545,7.636363636363637,6.454545454545456,39.0,15.909090909090907,17.18181818181818,25.54545454545455,0.8697748193349952
25,29.583456975040615,63.63636363636363,10.40909090909091,5.527733491609976,5207.038100817788,0,0,290,4.0,4,100.0,16.28571428571429,17.857142857142858,8.142857142857144,7.000000000000001,25.999999999999996,49.14285714285714,25.285714285714285,28.000000000000004,0.8645710168308287
26,27.0779593144308,100.0,12.321428571428573,5.343050883662864,4255.947351570545,0,0,298,4.0,4,100.0,17.2,10.200000000000001,4.2,4.800000000000001,31.8,24.499999999999996,13.200000000000001,12.6,0.8593983483166334
27,35.50577570589763,80.0,9.100000000000001,5.568336501588219,7001.316974300789,0,0,310,4.0,4,100.0,22.78571428571429,3.428571428571429,6.785714285714284,7.214285714285714,42.28571428571429,6.214285714285715,18.85714285714286,26.785714285714285,0.8542566275199036
28,52.69010814751654,85.71428571428571,10.053571428571429,7.719295456057036,4924.692417000188,0,0,323,4.0,4,93.75,19.125,6.3125,13.687500000000002,8.125000000000002,31.3125,13.9375,49.18749999999999,33.06250000000001,0.849145669282589
29,58.29048825367261,81.25,11.8125,5.594214824351003,5326.444509562407,1,1,336,4.0,4,100.0,17.933333333333337,8.600000000000001,5.399999999999999,12.399999999999997,29.066666666666663,22.133333333333336,14.400000000000004,48.4,0.8440652895544274
30,57.24018432930971,86.66666666666667,11.083333333333336,5.336665513489406,4627.518732865671,0,0,342,4.0,4,100.0,22.571428571428573,13.0,10.571428571428571,1.8571428571428572,52.571428571428584,54.99999999999999,20.142857142857142,2.2857142857142856,0.8390153053863164
31,27.078546006100034,85.71428571428571,12.000000000000002,7.523050732103376,4165.116573857501,0,0,354,4.0,4,93.75,25.687500000000004,6.25,12.937499999999998,2.375,49.5,24.625000000000004,33.56249999999999,3.0000000000000004,0.8339955349237254
32,54.97641674743181,75.0,11.8125,9.274629852099514,4779.934183374735,1,1,365,4.0,4,100.0,21.75,10.583333333333336,11.916666666666666,2.2500000000000004,36.00000000000001,35.166666666666664,38.833333333333336,3.416666666666667,0.829005797400147
33,48.09360968036904,91.66666666666666,11.625,7.527953715306356,6450.1286220838665,0,0,380,4.0,4,100.0,16.315789473684212,9.842105263157896,9.631578947368421,5.736842105263158,20.157894736842106,25.210526315789465,24.684210526315788,12.105263157894735,0.8240459131305865
34,67.89116987734236,78.94736842105263,10.381578947368423,5.565564436429164,5976.207999632032,0,0,395,4.0,4,94.73684210526316,23.36842105263158,12.263157894736842,1.0000000000000002,5.36842105263158,44.47368421052632,38.10526315789474,1.0000000000000002,10.684210526315791,0.8191157035050931
35,64.66792001056156,78.94736842105263,10.500000000000002,9.69561281938284,5177.286918474572,1,1,403,4.0,4,100.0,22.33333333333333,6.777777777777779,5.111111111111111,9.11111111111111,38.0,23.333333333333332,10.88888888888889,18.666666666666668,0.8142149909823264
36,34.60772813836113,88.88888888888889,10.833333333333334,7.046029760812369,5227.043851445261,0,0,409,4.0,4,90.9090909090909,28.999999999999996,0.9999999999999999,8.727272727272727,6.090909090909092,61.727272727272734,0.9999999999999999,16.181818181818183,12.636363636363635,0.8093435990831642
37,27.625325323679707,54.54545454545454,11.204545454545455,10.70796492011999,6271.321776455972,1,1,410,4.0,4,100.0,11.0,1.0,3.0,1.0,11.0,1.0,4.0,1.0,0.804501352384346
38,3.6263068312314704,50.0,4.0,4.123105625617661,1632.136221498513,0,0,424,4.0,4,93.33333333333333,14.133333333333335,1.8000000000000003,16.133333333333336,15.6,19.600000000000005,2.1999999999999997,43.2,47.599999999999994,0.7996880765121566
39,63.69034150579658,93.33333333333333,11.916666666666666,6.656329885610085,3186.005645733288,1,1,425,4.0,4,100.0,18.666666666666668,3.0,11.0,16.333333333333332,38.99999999999999,4.0,34.99999999999999,54.0,0.794903598136147
40,4.114375828913925,33.33333333333333,12.250000000000002,6.31904346465498,5865.281185998659,0,0,439,4.0,4,100.0,18.875,2.8750000000000004,9.125,9.125,24.1875,4.25,27.0,29.562500000000004,0.7901477449628918
41,62.70226922585445,87.5,10.0,6.38213118325433,5440.438659875781,0,0,447,4.0,4,100.0,15.666666666666664,2.7777777777777777,15.777777777777779,13.0,17.444444444444443,4.111111111111112,55.22222222222223,33.111111111111114,0.7854203457297855
42,36.2012946728976,88.88888888888889,11.805555555555555,6.087797507786638,8852.021126777496,0,0,459,4.0,4,100.0,17.071428571428573,1.4285714285714286,9.714285714285717,6.785714285714286,25.5,1.6428571428571428,20.857142857142858,14.35714285714286,0.780721230198875
43,47.154116318872596,85.71428571428571,8.75,6.024104234245592,8568.804098785351,0,0,468,4.0,4,100.0,28.454545454545453,6.545454545454545,7.636363636363637,6.090909090909092,51.272727272727266,14.81818181818182,13.636363636363638,13.72727272727273,0.7760502291507289
44,41.25432847670721,81.81818181818183,12.181818181818183,9.787041186964354,4679.089370636741,0,0,476,4.0,4,87.5,20.125,12.375,1.7500000000000002,5.624999999999999,28.625,39.125,4.375,10.125,0.771407174378344
45,35.851397207920904,100.0,9.96875,7.285844966996216,6931.499308123421,1,1,489,4.0,4,94.11764705882354,20.764705882352942,5.176470588235295,6.647058823529413,5.23529411764706,34.11764705882353,13.47058823529412,22.529411764705888,15.941176470588236,0.766791898681088
46,58.7246018740308,76.47058823529412,9.455882352941176,6.822992860230814,4598.607186294376,1,1,506,4.0,4,77.77777777777777,28.16666666666667,8.944444444444446,8.833333333333334,10.833333333333334,59.88888888888889,21.38888888888889,27.833333333333325,29.833333333333336,0.7622042358586785
47,79.00786976584138,94.44444444444444,14.194444444444443,8.80150439592742,7186.950744276854,4,4,516,4.0,4,100.0,22.41666666666667,8.833333333333332,0.9999999999999999,6.666666666666667,29.250000000000004,15.250000000000005,0.9999999999999999,16.25,0.7576440207051971
48,44.76389268984913,83.33333333333334,9.729166666666666,8.218899958869414,3038.248964749073,0,0,527,4.0,4,100.0,22.769230769230774,6.615384615384615,2.230769230769231,9.384615384615385,43.07692307692308,10.384615384615383,2.8461538461538463,28.076923076923073,0.7531110890031425
49,49.04786214146178,84.61538461538461,10.25,8.269575354383633,6812.019752461661,0,0,532,4.0,4,100.0,23.666666666666668,12.666666666666668,1.0,2.3333333333333335,50.16666666666667,24.666666666666668,1.0,3.0000000000000004,0.748605277517514
50,22.184081919074163,83.33333333333334,9.916666666666668,9.19628570232514,4758.406532165584,0,0,542,4.0,4,100.0,15.692307692307697,9.384615384615385,11.538461538461538,3.5384615384615383,28.538461538461533,23.692307692307693,34.07692307692308,5.615384615384615,0.7441264239899351
51,42.58085624366474,76.92307692307693,10.038461538461538,6.708054856788631,6269.608857077121,0,0,555,4.0,4,76.92307692307692,12.538461538461537,17.000000000000004,14.923076923076925,7.8461538461538485,13.307692307692307,50.69230769230769,37.84615384615384,15.769230769230772,0.7396743671328097
52,55.61125276508875,100.0,13.076923076923078,6.124992910028848,6696.799903539963,3,3,566,4.0,4,100.0,11.583333333333336,15.83333333333333,3.6666666666666665,8.416666666666666,13.250000000000004,41.916666666666664,5.666666666666667,20.166666666666664,0.7352489466235145
53,49.15464693961121,91.66666666666666,9.875,5.062867447228797,5600.319518000712,0,0,575,4.0,4,92.3076923076923,16.23076923076923,6.923076923076923,5.000000000000001,18.384615384615387,28.692307692307693,13.53846153846154,9.307692307692307,62.76923076923075,0.7308500030986251
54,33.960670513780414,69.23076923076923,11.634615384615387,7.147085420200584,5615.802048769323,1,1,585,4.0,4,100.0,21.818181818181824,9.545454545454547,12.999999999999998,7.090909090909091,36.09090909090909,27.272727272727277,30.545454545454543,9.636363636363637,0.7264773781481779
55,44.83739080561804,90.9090909090909,12.863636363636367,5.988084559893114,2723.772046545822,0,0,585,4.0,4,100.0,0.722130914309965
56,0,0,0,0,0,0,0,596,4,4,81.81818181818181,17.454545454545457,20.181818181818183,6.454545454545456,7.636363636363636,26.27272727272727,66.0,16.818181818181817,15.090909090909092,0.7178104550638634
57,50.842225204624185,100.0,12.931818181818183,6.538711501138822,8545.273662182974,2,2,610,4.0,4,93.75,18.9375,9.062500000000002,14.875,6.75,35.0625,29.125,43.31250000000001,21.375,0.7135158448261997
58,63.707048495274194,87.5,12.40625,6.344808375906558,5884.775031438039,1,1,627,4.0,4,94.73684210526316,18.31578947368421,8.894736842105264,10.0,5.684210526315789,34.84210526315789,20.631578947368425,26.315789473684205,13.105263157894735,0.7092469289441468
59,72.07602054615484,89.47368421052632,10.723684210526319,7.672242977914702,8752.106025790119,1,1,642,4.0,4,100.0,12.294117647058822,6.882352941176471,14.529411764705882,5.588235294117647,14.88235294117647,24.882352941176467,35.588235294117645,17.70588235294118,0.7050035536901541
60,64.93527425302018,88.23529411764706,9.823529411764707,5.090430244539231,5793.761746530328,0,0,642,4.0,4,100.0,0.7007855662564133
61,0,0,0,0,0,0,0,647,4,4,80.0,11.000000000000002,8.8,20.8,4.6000000000000005,11.000000000000002,21.400000000000002,66.6,17.200000000000003,0.6965928147493541
62,22.25066227328993,100.0,11.300000000000002,6.66225151140048,5127.136967999104,1,1,660,4.0,4,100.0,11.466666666666669,15.399999999999997,13.666666666666666,2.6,12.800000000000002,41.73333333333333,37.53333333333334,3.5333333333333337,0.692425148184175
63,57.81209066753251,86.66666666666667,10.783333333333337,6.368302098179996,4454.554756733705,0,0,673,4.0,4,92.85714285714286,18.571428571428573,6.714285714285714,13.214285714285717,11.214285714285714,34.57142857142857,21.428571428571434,29.142857142857142,24.928571428571434,0.6882824164794061
64,60.10432687680116,92.85714285714286,12.428571428571429,6.667630770302653,6661.621991070985,1,1,677,4.0,4,100.0,23.428571428571427,6.571428571428571,6.571428571428571,8.714285714285715,59.42857142857143,18.42857142857143,10.714285714285714,19.42857142857143,0.6841644704515047
65,15.786514722838971,57.14285714285714,11.321428571428573,7.567191335357877,6652.287240858381,0,0,690,4.0,4,100.0,14.000000000000004,6.933333333333337,4.600000000000001,8.733333333333333,15.26666666666667,13.466666666666669,7.600000000000001,27.266666666666666,0.6800711618094823
66,57.19750138414897,86.66666666666667,8.566666666666665,5.008877521076991,3967.796775000655,0,0,698,4.0,4,100.0,32.699999999999996,3.0,9.8,8.3,67.5,6.200000000000001,21.800000000000004,27.199999999999996,0.676002343149566
67,35.08337931524993,80.0,13.450000000000001,11.873792722511869,3498.3939636993455,0,0,710,4.0,4,75.0,26.25,6.833333333333334,12.666666666666668,1.3333333333333335,52.41666666666666,17.583333333333336,32.58333333333333,1.5000000000000004,0.6719578679498885
68,55.482540972455844,100.0,11.770833333333332,9.631830632067107,9525.593969249408,3,3,715,4.0,4,80.0,21.400000000000002,7.000000000000001,12.4,3.0,46.6,28.000000000000004,36.599999999999994,4.0,0.6679375905652136
69,22.69476959585383,100.0,10.950000000000001,7.034869360974462,3797.1018238022225,1,1,725,4.0,4,69.23076923076923,27.230769230769226,5.923076923076924,16.92307692307692,2.692307692307692,74.0,18.461538461538467,51.3076923076923,5.076923076923076,0.6639413662216903
70,40.442700213631674,76.92307692307693,13.192307692307695,10.115098736777304,7391.1622509230465,4,4,732,4.0,4,100.0,17.71428571428571,8.714285714285715,4.428571428571428,9.285714285714286,27.0,27.42857142857143,7.000000000000001,19.285714285714285,0.6599690510116388
71,28.504036388469167,100.0,10.035714285714285,5.218874340623022,4095.836502430237,0,0,751,4.0,4,78.94736842105263,25.052631578947366,13.842105263157894,5.2105263157894735,6.578947368421054,50.578947368421055,36.89473684210527,15.0,20.842105263157897,0.6560205018883697
72,90.94691454221939,100.0,12.671052631578949,9.479097294351915,8128.963711211614,4,4,757,4.0,4,62.5,30.874999999999996,19.625,1.0,5.0,75.0,47.375,1.0,8.0,0.6520955766610316
73,30.151201108432062,75.0,14.125000000000002,12.745773705973829,6541.553299124644,3,3,770,4.0,4,82.35294117647058,28.11764705882353,7.235294117647059,6.176470588235294,1.0,69.11764705882352,26.47058823529412,13.35294117647059,1.0,0.6481941339894912
74,58.31963320716033,76.47058823529412,10.632352941176471,10.894957083029732,5179.046489471255,3,3,786,4.0,4,88.23529411764706,28.11764705882353,7.529411764705884,10.705882352941176,3.2352941176470593,58.76470588235294,25.882352941176467,24.588235294117645,4.8235294117647065,0.6443160333792438
75,75.30191566994795,94.11764705882352,12.397058823529413,10.145145469996509,9150.840248587294,2,2,800,4.0,4,100.0,17.52941176470588,14.470588235294118,6.588235294117648,3.1176470588235294,28.58823529411765,55.00000000000001,13.588235294117645,6.294117647058823,0.6404611351763536
76,58.314711687679626,82.35294117647058,10.426470588235295,6.330189566669365,4461.832186353123,0,0,816,4.0,4,100.0,27.44444444444445,2.7222222222222223,6.944444444444444,11.38888888888889,44.277777777777786,3.5555555555555554,18.22222222222222,30.388888888888886,0.6366293005624242
77,73.1445699210919,88.88888888888889,12.125000000000002,9.832684491837835,6176.096323888891,0,0,824,4.0,4,100.0,28.666666666666664,1.666666666666667,6.000000000000001,6.88888888888889,56.44444444444444,2.0000000000000004,16.555555555555557,11.555555555555557,0.6328203915495999
78,38.72153609253086,88.88888888888889,10.805555555555554,10.61126319223316,6351.104744557233,0,0,824,4.0,4,100.0,0.6290342709755973
79,0,0,0,0,0,0,0,832,4,4,100.0,22.5,15.625,5.375,5.0,32.50000000000001,50.625,11.250000000000002,8.0,0.6252708024987653
80,36.7435755765772,100.0,12.125,7.735101764261679,4994.962138875962,0,0,844,4.0,4,86.66666666666667,17.133333333333336,19.666666666666675,6.1333333333333355,9.000000000000004,32.06666666666666,47.93333333333333,11.266666666666671,31.4,0.6215298505931756
81,55.141375805980076,80.0,12.983333333333333,6.579024824781989,4956.58891506755,2,2,855,4.0,4,75.0,31.083333333333336,6.833333333333336,6.083333333333334,7.249999999999999,71.16666666666666,11.41666666666667,8.333333333333332,19.500000000000004,0.6178112805437415
82,52.85586469910931,91.66666666666666,12.812499999999998,10.675541257634249,5325.398941833555,3,3,858,4.0,4,100.0,30.500000000000004,6.000000000000001,5.0,5.0,55.00000000000001,9.25,8.0,7.5,0.6141149584413682
83,12.835084540028417,75.0,11.625,10.972428775437862,8553.459429249415,0,0,869,4.0,4,85.71428571428572,28.28571428571428,4.142857142857143,13.857142857142854,6.214285714285714,58.357142857142875,6.428571428571426,37.85714285714286,10.357142857142858,0.6104407511781288
84,51.49473232554592,78.57142857142857,13.125,9.586662869455589,4001.0663882853155,2,2,875,4.0,4,75.0,28.500000000000004,2.5,7.750000000000002,5.625,56.625,3.6249999999999996,21.125,11.75,0.6067885264424727
85,28.710854743888227,75.0,11.09375,10.535652761550137,7923.225492624624,2,2,885,4.0,4,100.0,27.099999999999998,4.0,11.200000000000001,5.0,41.400000000000006,6.0,33.699999999999996,9.700000000000001,0.60315815271446
86,42.28144552281651,100.0,11.825000000000001,9.395181590611625,6185.939544600842,0,0,900,4.0,4,100.0,21.647058823529413,6.11764705882353,5.9411764705882355,3.8235294117647056,36.41176470588235,15.470588235294116,10.411764705882353,8.411764705882353,0.5995494992610252
87,65.39203456427174,88.23529411764706,9.382352941176473,7.669355664431414,6200.803985882136,0,0,904,4.0,4,75.0,22.749999999999996,21.25,4.000000000000001,6.0,32.5,65.5,6.25,14.000000000000002,0.5959624361312695
88,19.6082020145536,100.0,13.5,8.681649878720005,4110.217331497552,1,1,910,4.0,4,100.0,19.714285714285715,11.714285714285715,2.1428571428571432,1.0,24.000000000000004,28.857142857142858,2.7142857142857144,1.0,0.5923968341517822
89,27.255743497673308,85.71428571428571,8.642857142857144,7.742700590097526,6205.17840285694,0,0,918,4.0,4,100.0,26.900000000000002,3.4999999999999996,6.4,7.000000000000001,55.1,7.500000000000001,14.000000000000002,27.999999999999996,0.5888525649219875
90,35.43466148692268,80.0,10.950000000000001,9.748384094213263,3992.704592499649,0,0,920,4.0,4,100.0,28.000000000000004,2.666666666666667,10.333333333333334,18.000000000000004,57.99999999999999,5.333333333333334,20.333333333333332,69.0,0.5853295008095212
91,8.237061373453967,66.66666666666666,14.750000000000002,9.515539886041564,4373.717545330389,0,0,923,4.0,4,80.0,14.000000000000002,6.0,5.800000000000001,22.400000000000002,14.000000000000002,14.000000000000002,9.2,76.99999999999999,0.581827514945635
92,13.213359078695309,60.0,12.05,6.87133648774885,4064.0465689983102,1,1,933,4.0,4,100.0,17.636363636363637,3.3636363636363646,9.363636363636365,7.090909090909092,23.0,5.545454545454547,32.81818181818182,17.63636363636364,0.5783464812206279
93,44.910449972065315,90.9090909090909,9.363636363636365,6.340971555583229,6602.668770635897,0,0,940,4.0,4,85.71428571428572,30.571428571428573,3.0,15.714285714285717,11.571428571428573,64.85714285714288,4.0,53.85714285714285,36.0,0.5748862742793037
94,34.57092140202866,100.0,15.214285714285714,10.13846951414922,3630.59415171717,1,1,955,4.0,4,73.33333333333333,27.133333333333333,3.266666666666666,12.46666666666667,11.600000000000005,61.79999999999999,10.066666666666666,27.933333333333337,30.933333333333323,0.5714467695164583
95,69.4313930107621,100.0,13.616666666666669,8.930237753862,7292.470711401256,4,4,973,4.0,4,100.0,16.400000000000002,10.099999999999998,7.3000000000000025,3.95,25.250000000000007,28.64999999999999,16.45,6.75,0.5680278430723918
96,64.468489180825,90.0,9.437499999999998,6.0282735735582555,8535.471041199708,0,0,983,4.0,4,100.0,20.166666666666664,10.000000000000002,21.416666666666664,3.000000000000001,44.83333333333333,27.750000000000004,64.58333333333333,3.9999999999999996,0.5646293718284482
97,43.893176946242725,83.33333333333334,13.645833333333336,7.955128868294686,3592.62716150018,0,0,990,4.0,4,100.0,20.0,14.428571428571429,11.285714285714286,8.142857142857144,31.0,41.0,23.71428571428571,21.571428571428573,0.5612512334025815
98,31.713046592971814,100.0,13.464285714285715,4.93787336680088,3712.4916354296147,0,0,1003,4.0,4,100.0,15.529411764705884,19.52941176470588,5.823529411764706,1.4705882352941175,22.235294117647058,46.11764705882353,11.352941176470589,1.7647058823529416,0.5578933061449495
99,59.15354078285369,76.47058823529412,10.588235294117647,7.817981178099184,4794.245995647062,0,0,1012,4.0,4,90.0,11.7,21.400000000000002,10.3,5.800000000000001,13.700000000000001,63.79999999999999,21.5,12.7,0.5545554691335325
100,40.64052216906847,90.0,12.3,6.172700824175268,6541.51218229963,1,1,1018,4.0,4,100.0,22.833333333333336,8.5,6.166666666666667,1.0,47.66666666666667,29.5,10.5,1.0,0.551237602169779
101,28.273897631417185,100.0,9.625,8.200568714348988,7351.50854166568,0,0,1029,4.0,4,100.0,18.75,12.583333333333332,5.916666666666667,2.5000000000000004,30.83333333333334,37.916666666666664,10.999999999999998,4.166666666666666,0.5479395857742768
102,47.48367958709382,91.66666666666666,9.9375,6.846712900106013,4264.845717500066,0,0,1046,4.0,4,63.15789473684211,17.15789473684211,9.473684210526317,21.105263157894736,4.2631578947368425,35.1578947368421,25.0,60.526315789473685,6.631578947368421,0.5446613011824509
103,79.94768507768006,89.47368421052632,12.999999999999998,7.909259870048229,6869.122531158178,7,7,1058,4.0,4,91.66666666666667,27.41666666666667,12.5,2.666666666666667,6.833333333333336,69.74999999999999,28.749999999999996,5.416666666666668,23.583333333333336,0.5414026303402862
104,54.40350454489373,100.0,12.354166666666666,10.129154041961879,5102.188823751931,1,1,1058,4.0,4,100.0,0.5381634559000774
105,0,0,0,0,0,0,0,1073,4,4,61.11111111111111,11.666666666666666,11.0,27.555555555555557,1.0000000000000002,13.222222222222221,24.11111111111111,89.55555555555557,1.0000000000000002,0.5349436612162014
106,69.80605960743134,83.33333333333334,12.805555555555555,9.702771279373982,4402.197889554776,7,7,1085,4.0,4,92.85714285714286,12.500000000000004,13.785714285714285,5.071428571428573,2.071428571428571,16.85714285714286,34.64285714285714,14.142857142857142,3.1428571428571432,0.531743130340919
107,45.05932941236196,85.71428571428571,8.357142857142856,5.975647457481172,10752.141663928862,1,1,1098,4.0,4,78.57142857142857,26.42857142857143,14.428571428571429,2.0714285714285716,5.500000000000002,55.214285714285715,33.35714285714286,3.7857142857142865,12.21428571428572,0.5285617480201973
108,63.50883993091403,92.85714285714286,12.107142857142858,10.62847159828114,5206.1233318574,3,3,1111,4.0,4,84.61538461538461,25.38461538461539,13.307692307692307,3.5384615384615388,1.9230769230769236,56.769230769230774,35.30769230769231,10.230769230769235,5.153846153846155,0.5253993996895604
109,57.39194744195571,100.0,11.038461538461538,10.148852712934078,7120.233705846029,2,2,1120,4.0,4,81.81818181818181,27.636363636363637,20.727272727272723,4.363636363636364,0.9999999999999999,75.18181818181819,70.27272727272727,7.8181818181818175,0.9999999999999999,0.5222559714699637
110,40.85811503168543,81.81818181818183,13.431818181818182,11.201006894177066,2924.5098688162134,2,2,1135,4.0,4,88.23529411764706,21.23529411764706,13.588235294117645,3.705882352941176,11.647058823529411,49.117647058823536,37.05882352941176,7.294117647058824,27.294117647058826,0.5191313501636935
111,68.08697749553212,88.23529411764706,12.544117647058822,7.09271399186161,5084.010318177153,2,2,1147,4.0,4,66.66666666666667,28.916666666666664,6.500000000000002,3.000000000000001,18.916666666666668,69.58333333333331,13.583333333333334,3.9999999999999996,47.833333333333336,0.5160254232502899
112,57.912894385518165,100.0,14.333333333333332,10.380848929116194,4764.105796167011,4,4,1162,4.0,4,100.0,22.941176470588232,10.588235294117647,3.5882352941176463,5.23529411764706,44.88235294117647,28.52941176470588,4.705882352941177,11.235294117647058,0.5129380788824952
113,66.94845100254422,88.23529411764706,10.588235294117647,8.301017268594705,9465.43823617514,0,0,1171,4.0,4,100.0,25.454545454545464,6.272727272727274,0.9999999999999999,5.636363636363638,42.09090909090909,14.727272727272728,0.9999999999999999,8.999999999999998,0.5098692058822261
114,34.92479747967025,81.81818181818183,9.59090909090909,9.592108208831347,5517.991609998386,0,0,1179,4.0,4,100.0,26.111111111111107,5.888888888888889,1.0,5.888888888888889,40.1111111111111,13.222222222222221,1.0,10.11111111111111,0.5068186937365698
115,38.29288723094281,88.88888888888889,9.722222222222223,9.800122864152069,5643.384311665916,0,0,1182,4.0,4,100.0,21.333333333333336,1.0,12.666666666666668,6.0,32.0,1.0,50.66666666666667,14.000000000000002,0.503786432593805
116,13.127645407640525,100.0,10.25,8.58171769288306,10838.185994999852,0,0,1195,4.0,4,100.0,24.73333333333333,2.6,14.400000000000002,12.200000000000005,39.2,8.200000000000001,48.59999999999999,30.599999999999998,0.5007723132594453
117,56.01555276081634,86.66666666666667,13.483333333333336,9.900130856498267,4606.363401533356,0,0,1208,4.0,4,80.0,16.599999999999994,16.8,5.266666666666666,5.266666666666668,22.73333333333333,52.99999999999998,12.200000000000001,11.86666666666667,0.49777622719230774
118,58.28493485185994,86.66666666666667,10.983333333333336,7.068857737057502,6316.509251399354,3,3,1216,4.0,4,100.0,11.374999999999998,11.000000000000002,7.625,11.0,11.374999999999998,22.125,17.750000000000004,41.625,0.49479806650060315
119,36.188051373542415,100.0,10.25,2.9664526102399447,4918.303904376444,0,0,1225,4.0,4,100.0,19.363636363636363,13.72727272727273,7.363636363636362,11.363636363636367,32.727272727272734,40.454545454545446,17.90909090909091,47.63636363636364,0.4918377239380519
120,40.26726937650621,81.81818181818183,12.954545454545457,5.369959458340816,5346.462624543743,0,0,1228,4.0,4,100.0,17.8,6.800000000000001,8.600000000000001,6.6000000000000005,26.400000000000002,15.6,20.0,24.000000000000004,0.48889509290002153
121,12.36602978161449,60.0,9.95,4.627355949195326,4977.511938801035,0,0,1246,4.0,4,94.44444444444444,25.388888888888882,15.777777777777777,6.38888888888889,7.500000000000001,44.61111111111112,53.16666666666667,11.666666666666666,16.0,0.48597006741968746
122,85.7825505611633,100.0,13.76388888888889,8.18046192377164,5032.687911278724,1,1,1254,4.0,4,100.0,18.125000000000004,12.375,4.124999999999999,18.625,21.75,35.125,9.125000000000002,64.875,0.48306254216421723
123,37.193284158210815,100.0,13.3125,6.694649340788267,6612.093292997088,0,0,1258,4.0,4,100.0,16.25,12.25,5.0,16.0,26.75,38.24999999999999,7.5,48.25000000000001,0.48017241243097747
124,16.777107122472007,100.0,12.375000000000002,5.190773979399946,7166.634720000729,0,0,1273,4.0,4,83.33333333333334,11.000000000000002,23.277777777777775,4.333333333333334,2.055555555555556,11.000000000000002,63.27777777777778,9.333333333333334,3.666666666666666,0.4772995741437637
125,67.93730523244034,83.33333333333334,10.166666666666668,9.025722727199888,5007.490449388166,3,3,1287,4.0,4,78.57142857142857,25.928571428571423,12.214285714285715,2.7857142857142856,6.85714285714286,59.71428571428571,33.714285714285715,5.642857142857144,21.85714285714286,0.4744439238490519
126,66.73483706211753,100.0,11.946428571428571,10.869435566386834,8679.439137572315,3,3,1297,4.0,4,90.9090909090909,21.63636363636364,13.909090909090907,4.363636363636364,7.636363636363637,51.18181818181819,55.09090909090909,6.909090909090909,21.636363636363633,0.47160535871227305
127,45.06124434978597,90.9090909090909,11.886363636363635,7.09252013119692,5515.982725908874,1,1,1309,4.0,4,91.66666666666667,17.5,6.333333333333336,15.083333333333334,5.666666666666667,31.0,20.833333333333336,43.583333333333336,18.833333333333336,0.46878377651411085
128,55.420436992400646,100.0,11.145833333333334,6.332119465553745,7582.888815083304,1,1,1316,4.0,4,100.0,20.375,11.0,12.125000000000002,13.0,36.25,35.0,30.5,55.00000000000001,0.46597907564681984
129,32.023495977873445,87.5,14.124999999999998,4.355177739795388,3820.538787001169,0,0,1335,4.0,4,80.0,29.349999999999998,7.950000000000001,15.600000000000003,1.3000000000000003,58.60000000000001,26.950000000000006,38.800000000000004,2.3500000000000005,0.46319115511056647
130,91.79496861132162,95.0,13.55,10.913624774733474,5584.626483750253,4,4,1344,4.0,4,100.0,20.888888888888886,13.111111111111109,11.666666666666666,3.0000000000000004,39.77777777777778,41.44444444444444,31.666666666666664,4.0,0.4604199145097923
131,38.253094987721404,100.0,12.166666666666668,8.507055601031835,7354.3868387795455,0,0,1355,4.0,4,75.0,19.749999999999996,16.000000000000004,18.91666666666667,4.0,41.083333333333336,56.333333333333336,48.75,14.500000000000002,0.4576652540495986
132,51.47518281616636,91.66666666666666,14.666666666666666,7.790289742575183,7939.728505583237,3,3,1370,4.0,4,100.0,12.88235294117647,3.9411764705882355,15.529411764705884,6.705882352941177,13.588235294117645,5.705882352941177,37.94117647058823,15.294117647058824,0.4549270745321526
133,67.12279065454408,88.23529411764706,9.76470588235294,5.344506334843094,6052.266432236031,0,0,1385,4.0,4,100.0,17.0,6.777777777777779,7.944444444444445,7.555555555555555,24.16666666666667,12.611111111111109,28.611111111111114,24.38888888888889,0.45220527735311555
134,65.31961430774062,83.33333333333334,9.819444444444443,5.142712213639046,4840.060775611265,0,0,1393,4.0,4,100.0,23.600000000000005,0.9999999999999999,9.500000000000002,4.8,41.89999999999999,0.9999999999999999,23.800000000000004,9.3,0.44949976449809104
135,38.13181378834454,80.0,9.725,8.72926737270325,4113.263485400239,0,0,1405,4.0,4,92.3076923076923,24.76923076923077,10.692307692307692,6.615384615384616,0.9999999999999999,37.46153846153846,32.230769230769226,22.76923076923077,0.9999999999999999,0.44681043853909636
136,57.49400986293646,92.3076923076923,10.76923076923077,10.304644536109137,5997.182355231556,1,1,1418,4.0,4,92.3076923076923,23.615384615384613,13.461538461538463,3.4615384615384617,0.9999999999999999,37.0,40.07692307692308,6.692307692307693,0.9999999999999999,0.4441372026310538
137,61.75550545571423,100.0,10.384615384615383,10.114088575091742,9966.714869154832,1,1,1432,4.0,4,76.47058823529412,20.117647058823525,18.176470588235293,3.4117647058823533,5.588235294117647,28.88235294117647,57.88235294117647,5.764705882352941,12.647058823529411,0.44147996050830296
138,62.06031457682581,82.35294117647058,11.823529411764705,9.64850884917535,5209.329754705644,4,4,1441,4.0,4,70.0,13.700000000000001,25.0,3.0000000000000004,1.2,13.700000000000001,68.1,4.5,1.3,0.438838616481134
139,43.14670759785529,90.0,10.725,9.631458356115253,5023.611137298576,3,3,1446,4.0,4,100.0,12.5,22.833333333333332,6.5,5.000000000000001,12.5,66.5,11.166666666666664,7.5,0.4362130754323421
140,21.253924834232432,83.33333333333334,11.708333333333334,7.133989618403541,4656.845191499694,0,0,1462,4.0,4,100.0,11.0,11.23529411764706,12.941176470588237,5.88235294117647,11.0,21.941176470588236,28.117647058823525,12.176470588235295,0.4336032428138023
141,73.42208626442599,94.11764705882352,10.26470588235294,5.701178155034184,6688.862024529525,0,0,1466,4.0,4,100.0,11.000000000000002,29.600000000000005,6.200000000000001,1.9999999999999998,11.000000000000002,67.19999999999999,10.4,3.600000000000001,0.43100902464306434
142,19.28088223665849,80.0,12.2,10.599293174471729,4037.0019554000464,0,0,1478,4.0,4,80.0,12.933333333333339,19.799999999999997,3.933333333333334,1.0,15.600000000000003,56.00000000000001,8.4,1.0,0.42843032749996846
143,55.01925729483765,80.0,9.416666666666668,7.663645134214795,5989.109108132349,3,3,1493,4.0,4,88.23529411764706,14.88235294117647,15.41176470588235,12.352941176470585,1.5882352941176472,22.647058823529413,49.588235294117645,29.823529411764703,1.882352941176471,0.4258670585232811
144,68.28506418485792,88.23529411764706,11.058823529411764,9.461371428863446,5848.356114293411,2,2,1510,4.0,4,58.82352941176471,14.176470588235293,19.941176470588236,13.0,1.0,21.235294117647058,48.529411764705884,32.705882352941174,1.0,0.4233191254073513
145,84.32627369092619,100.0,12.029411764705884,11.321031978576118,7330.412903882354,7,7,1528,4.0,4,94.73684210526316,14.210526315789473,12.789473684210522,9.052631578947368,3.052631578947369,19.105263157894733,35.421052631578945,19.578947368421055,5.105263157894737,0.4207864363987862
146,80.46779540934546,94.73684210526315,9.776315789473685,6.0262845231113475,6975.295821209377,1,1,1541,4.0,4,50.0,36.642857142857146,0.9999999999999999,3.4999999999999996,2.4285714285714284,84.85714285714286,0.9999999999999999,7.571428571428572,3.5000000000000004,0.4182689002931473
147,67.60648934786906,92.85714285714286,10.892857142857142,15.022421492490151,5529.5227855713165,7,7,1557,4.0,4,100.0,14.833333333333332,16.333333333333332,5.944444444444445,3.2222222222222228,24.88888888888889,27.333333333333332,15.88888888888889,4.666666666666666,0.41576642643166595
148,70.81294270600269,88.88888888888889,10.083333333333336,7.101020393612269,5903.499595499549,0,0,1570,4.0,4,100.0,11.923076923076927,8.30769230769231,5.461538461538462,10.53846153846154,11.923076923076927,26.53846153846154,10.461538461538462,26.153846153846157,0.4132789246979786
149,57.238030516840354,100.0,9.057692307692308,3.8768448286144683,9078.063614770004,0,0,1587,4.0,4,100.0,11.0,13.999999999999998,8.47058823529412,10.117647058823529,11.0,34.470588235294116,20.058823529411764,25.647058823529406,0.4108063055148813
150,73.54160143718845,100.0,10.897058823529411,4.52627169178736,6037.003306530738,0,0,1603,4.0,4,95.0,20.45,18.35,4.6,1.3000000000000003,33.599999999999994,53.69999999999999,8.95,1.4500000000000002,0.4083484798411048
151,75.77641186690785,80.0,11.175,9.789331850526692,4939.851951750461,1,1,1615,4.0,4,100.0,20.800000000000004,13.333333333333334,6.6000000000000005,1.8000000000000005,38.13333333333333,34.46666666666667,14.400000000000002,4.600000000000001,0.40590535916810755
152,50.49399377804269,80.0,10.633333333333336,8.653518587332261,5481.300737868393,0,0,1628,4.0,4,100.0,17.666666666666664,8.61111111111111,11.722222222222221,1.3333333333333335,35.44444444444445,24.055555555555554,27.722222222222225,1.5000000000000002,0.4034768555168883
153,57.097534177523634,72.22222222222221,9.833333333333332,7.779563040085454,4656.208514111414,0,0,1631,4.0,4,100.0,14.666666666666666,23.0,10.000000000000002,1.0,17.666666666666668,59.0,31.0,1.0,0.40106288143481805
154,13.423272175760445,100.0,12.166666666666666,8.074753602661723,3488.2540646673683,0,0,1636,4.0,4,100.0,20.71428571428571,21.28571428571428,9.0,3.1428571428571432,35.714285714285715,41.57142857142858,27.142857142857146,6.571428571428573,0.39866334999249087
155,23.0208934956038,71.42857142857143,13.535714285714286,8.133632879029449,4578.562264856633,0,0,1648,4.0,4,100.0,16.833333333333332,15.83333333333333,5.500000000000002,6.916666666666667,32.66666666666666,46.416666666666664,19.75,22.250000000000007,0.39627817478059346
156,54.526753920456336,100.0,11.270833333333334,5.620127998732398,8388.1050415827,0,0,1660,4.0,4,93.33333333333333,15.2,12.066666666666666,19.0,2.8000000000000003,27.199999999999996,32.86666666666665,55.93333333333332,7.200000000000002,0.39390726990679353
157,54.953420954380405,80.0,12.266666666666666,7.824491723323011,6009.681302467167,1,1,1670,4.0,4,100.0,11.000000000000002,11.399999999999999,8.700000000000001,3.5000000000000004,11.000000000000002,20.400000000000002,17.8,7.500000000000001,0.39155054999264655
158,39.437948999325414,100.0,8.649999999999999,4.873503335581943,6644.58612269882,0,0,1685,4.0,4,100.0,20.8125,18.3125,5.6875,6.0,44.06249999999999,47.9375,14.9375,14.000000000000002,0.38920793017052135
159,69.24691796634191,93.75,12.703124999999998,7.4186224427228264,4724.1984253760165,0,0,1690,4.0,4,100.0,25.833333333333336,10.833333333333336,8.166666666666668,2.666666666666667,54.833333333333336,26.5,25.166666666666664,5.333333333333334,0.38687932608054404
160,24.61215773929223,83.33333333333334,11.875,9.229651261633565,12837.53233300134,0,0,1703,4.0,4,93.75,29.562500000000004,7.062500000000001,5.0,1.0,61.9375,13.750000000000002,10.0625,1.0,0.3845646538675597
161,59.008653050381376,81.25,10.65625,11.647339825307649,2848.4446871866567,1,1,1703,4.0,4,100.0,23.0,21.0,11.0,1.0,45.0,42.0,35.0,1.0,0.3822638301781133
162,-0.4,0.0,14.000000000000002,8.77496438739212,1372.5744290059083,0,0,1703,4.0,4,100.0,0.3799767721574475
163,0,0,0,0,0,0,0,1705,4,4,100.0,23.0,27.333333333333336,11.0,1.0,45.0,57.666666666666664,34.99999999999999,1.0,0.37770339744651965
164,9.685596854506857,66.66666666666666,15.583333333333336,10.333639185340619,2403.306326336557,0,0,1705,4.0,4,100.0,0.3754436241790351
165,0,0,0,0,0,0,0,1721,4,4,100.0,11.4375,22.125,8.75,1.625,12.687499999999998,46.6875,20.625,2.6250000000000004,0.37319737097849986
166,71.88727296783142,100.0,10.984375,7.943181317017882,8501.093351249892,0,0,1731,4.0,4,63.63636363636363,11.000000000000002,5.1818181818181825,21.545454545454547,3.7272727272727275,11.000000000000002,8.999999999999998,61.45454545454545,8.090909090909092,0.3709645569552896
167,47.10092354878643,90.9090909090909,10.363636363636365,7.666704919112753,7062.789048543808,4,4,1738,4.0,4,100.0,19.857142857142858,5.285714285714286,10.714285714285717,1.4285714285714286,30.571428571428573,10.428571428571429,34.99999999999999,2.285714285714286,0.3687451017037373
168,31.6154111191539,100.0,9.321428571428573,8.02185181355287,15420.251287857744,0,0,1755,4.0,4,55.55555555555556,15.944444444444445,8.222222222222223,19.944444444444446,3.7777777777777772,21.777777777777775,27.388888888888886,63.000000000000014,8.222222222222223,0.3665389252992373
169,77.4509259191626,94.44444444444444,11.972222222222223,7.73524303444995,7435.837212778198,8,8,1766,4.0,4,100.0,11.923076923076925,5.307692307692307,14.38461538461539,4.384615384615385,11.923076923076925,11.461538461538462,29.076923076923077,6.461538461538462,0.3643459482953674
170,43.72834385455237,84.61538461538461,9.0,5.05035261220002,5387.743709152766,0,0,1772,4.0,4,100.0,11.374999999999998,10.0,13.0,4.0,11.374999999999998,23.0,36.25000000000001,6.25,0.3621660917210278
171,24.216830143389117,75.0,9.59375,4.748080827520907,11044.214171874046,0,0,1785,4.0,4,100.0,21.46153846153846,5.53846153846154,7.23076923076923,0.9999999999999999,37.230769230769226,11.53846153846154,16.461538461538456,0.9999999999999999,0.35999927707759743
172,59.81449226658584,100.0,8.80769230769231,7.911558290805533,7041.978147076757,0,0,1794,4.0,4,77.77777777777777,36.55555555555556,1.0,13.777777777777779,1.0,80.33333333333333,1.0,32.44444444444445,1.0,0.3578454263361068
173,41.15006902771159,100.0,13.083333333333332,14.81455915662375,7799.35433877674,2,2,1801,4.0,4,100.0,23.125,2.5,4.124999999999999,6.0,44.25,3.25,6.625,14.000000000000002,0.35570446193442834
174,32.42979084614832,87.5,8.937500000000002,8.475566237077182,6771.640796626343,0,0,1815,4.0,4,77.77777777777777,21.944444444444443,1.666666666666667,12.611111111111112,4.666666666666667,45.94444444444444,2.0000000000000004,40.55555555555555,14.388888888888888,0.3535763067744839
175,62.748957894092094,77.77777777777779,10.222222222222223,10.119859870926028,6664.550961943152,4,4,1831,4.0,4,100.0,20.444444444444446,5.111111111111112,9.444444444444446,3.333333333333334,36.555555555555564,14.000000000000002,27.499999999999996,9.055555555555555,0.351460884219467
176,68.20635365817485,88.88888888888889,9.583333333333332,7.946673834141523,8832.775144889942,0,0,1840,4.0,4,100.0,13.181818181818183,1.5454545454545459,12.81818181818182,8.81818181818182,14.454545454545457,1.8181818181818183,40.54545454545455,28.636363636363637,0.34935811809108425
177,39.64571452570537,81.81818181818183,9.090909090909092,5.663869636247627,4337.076798818915,0,0,1840,4.0,4,100.0,0.3472679326668117
178,0,0,0,0,0,0,0,1853,4,4,100.0,22.71428571428572,0.9999999999999999,9.214285714285712,16.142857142857142,37.92857142857143,0.9999999999999999,15.42857142857143,50.71428571428571,0.345190252677168
179,58.22697109434087,92.85714285714286,12.267857142857142,8.551598395208861,4800.464531928031,0,0,1870,4.0,4,82.35294117647058,23.35294117647059,1.8823529411764708,12.823529411764703,1.7058823529411766,43.705882352941174,3.294117647058824,26.41176470588235,2.058823529411765,0.34312500330300383
180,79.37594112203169,100.0,9.941176470588237,11.811880152879024,9531.968646764974,3,3,1885,4.0,4,100.0,17.176470588235293,7.764705882352942,3.5882352941176467,2.1176470588235294,32.294117647058826,13.35294117647059,6.058823529411765,4.647058823529412,0.3410721101728078
181,48.71635730119452,88.23529411764706,7.661764705882352,6.960762068307715,15890.242879411637,0,0,1899,4.0,4,100.0,11.374999999999998,2.125,14.3125,4.0,16.5,4.125,42.125,13.9375,0.339031499360028
182,38.95091319764879,87.5,7.953125,5.359119694017604,15350.81115206276,0,0,1917,4.0,4,44.99999999999999,11.000000000000002,13.700000000000001,14.999999999999996,1.7000000000000004,11.000000000000002,42.00000000000001,56.34999999999999,2.0500000000000003,0.33700309738041
183,77.81854449949103,90.0,10.35,8.325594930665666,7389.698765650974,11,11,1927,4.0,4,100.0,11.000000000000002,6.272727272727274,0.9999999999999999,13.545454545454547,11.000000000000002,20.727272727272723,0.9999999999999999,30.000000000000004,0.3349868311893505
184,34.44102196682338,90.9090909090909,7.954545454545456,6.19366804019907,13225.193303909195,0,0,1938,4.0,4,58.33333333333333,13.749999999999998,0.9999999999999999,1.5,20.500000000000004,15.916666666666668,0.9999999999999999,3.25,62.5,0.33298262817926705
185,44.94298090482278,91.66666666666666,9.1875,8.791321761183566,11302.393226333757,5,5,1958,4.0,4,75.0,24.85000000000001,13.25,1.3000000000000003,1.2500000000000002,51.34999999999999,32.8,2.3500000000000005,1.6500000000000004,0.3309904161769835
186,86.75717534519164,100.0,10.1625,11.154707758013952,9672.707322800488,5,5,1974,4.0,4,68.75,13.625000000000002,6.062500000000001,14.625,4.1875,17.5,15.312499999999998,51.4375,12.125000000000002,0.3290101234411305
187,67.47716379509444,100.0,9.625,8.27674209355323,11459.125392375427,5,5,1992,4.0,4,65.0,31.15,3.0000000000000004,3.1,4.2,68.85,6.200000000000001,5.6499999999999995,13.900000000000002,0.3270416786595626
188,87.51672480534612,90.0,10.3625,12.104005174300466,6667.814423550226,7,7,1999,4.0,4,62.5,30.500000000000004,1.0,4.5,1.25,81.25,1.0,15.375,1.3750000000000002,0.3250850109467899
189,26.98590828243931,87.5,9.3125,12.469892885141615,9466.224857375892,3,3,2011,4.0,4,100.0,26.41666666666667,5.833333333333333,3.666666666666666,9.166666666666668,58.08333333333333,9.083333333333332,8.416666666666666,33.75,0.3231400498414255
190,51.386375640936606,100.0,11.270833333333336,9.204512108509428,6662.134658583454,0,0,2023,4.0,4,92.3076923076923,28.076923076923077,11.846153846153847,2.230769230769231,3.307692307692308,55.69230769230769,33.15384615384615,3.153846153846154,10.000000000000002,0.32120672530364797
191,56.526787089767645,92.3076923076923,11.365384615384617,11.243543732294249,7388.378780307763,1,1,2042,4.0,4,80.0,22.499999999999996,7.0500000000000025,12.950000000000001,1.7000000000000004,47.949999999999996,16.6,33.7,2.0500000000000003,0.3192849677126795
192,89.54901200135926,95.0,11.05,9.995058103670406,6234.803349599679,4,4,2058,4.0,4,100.0,18.9375,7.187500000000001,16.812500000000004,2.5625,33.8125,22.4375,42.5,5.0625,0.3173747078642784
193,74.06691657685036,100.0,11.375000000000002,8.298090464895107,9349.431589124379,0,0,2073,4.0,4,47.05882352941176,38.1764705882353,5.411764705882353,1.0,1.5882352941176472,79.3529411764706,14.588235294117643,1.0,2.5294117647058827,0.3154758769682472
194,75.88528015688512,88.23529411764706,11.544117647058824,15.559183573208438,8531.620058351324,9,9,2092,4.0,4,94.73684210526316,17.0,2.368421052631579,11.368421052631575,5.052631578947368,30.68421052631579,3.263157894736843,26.26315789473684,12.789473684210527,0.3135884066459554
195,72.40457113966343,100.0,8.947368421052632,7.448120807608055,13624.31205020977,1,1,2109,4.0,4,57.89473684210527,30.78947368421052,1.947368421052632,1.5263157894736845,1.5263157894736845,69.94736842105263,5.263157894736842,2.368421052631579,1.789473684210527,0.3117122289278771
196,75.27185351495916,89.47368421052632,8.947368421052634,12.697321331604398,7974.146343946862,8,8,2124,4.0,4,53.333333333333336,28.733333333333338,1.0,19.866666666666664,3.6666666666666665,68.80000000000001,1.0,60.80000000000001,5.666666666666666,0.3098472762511435
197,71.92904173944687,100.0,13.316666666666668,12.268796134562509,7182.314957133106,7,7,2133,4.0,4,30.0,36.50000000000001,0.9999999999999999,2.6,3.0000000000000004,90.7,0.9999999999999999,3.4000000000000004,4.5,0.3079934814571096
198,46.86650405355098,90.0,10.775000000000002,14.896961227120602,4242.320953500894,7,7,2151,4.0,4,73.6842105263158,34.10526315789473,5.736842105263158,7.684210526315788,1.0000000000000002,66.89473684210526,22.315789473684212,18.368421052631582,1.0000000000000002,0.3061507777889362
199,87.24435038654984,94.73684210526315,12.131578947368423,13.192710551640271,6124.314784578593,5,5,2169,4.0,4,77.77777777777777,27.22222222222222,5.388888888888889,10.055555555555557,1.4444444444444446,43.77777777777778,8.88888888888889,21.999999999999996,1.7777777777777777,0.30431909888918524
200,77.98093348534121,100.0,11.027777777777779,10.127900953071824,9437.86068572202,4,4,2187,4.0,4,100.0,27.052631578947373,1.842105263157895,2.421052631578948,2.68421052631579,46.36842105263158,2.2631578947368425,4.2105263157894735,4.842105263157895,0.30249837879743074
201,69.2764751806955,94.73684210526315,8.5,11.030272787533276,11302.557237843423,0,0,2199,4.0,4,38.46153846153846,34.15384615384615,0.9999999999999999,2.923076923076923,2.153846153846154,77.53846153846153,0.9999999999999999,6.076923076923078,4.0,0.30068855194788374
202,62.97796936942407,92.3076923076923,10.057692307692307,14.042805045032733,5629.699820231718,8,8,2211,4.0,4,75.0,33.25,2.5000000000000004,4.750000000000001,2.0,80.16666666666667,3.25,10.249999999999998,2.75,0.2988895531670305
203,55.39423319791878,100.0,10.625,13.210463339114526,6381.692189082362,3,3,2216,4.0,4,83.33333333333334,30.0,2.0,4.666666666666667,5.0,52.5,5.5,8.666666666666666,8.0,0.2971013176712858
204,24.32847234610687,83.33333333333334,10.416666666666668,11.455176807946865,5611.683187000987,1,1,2219,4.0,4,100.0,29.599999999999998,2.1999999999999997,2.1999999999999997,6.2,45.199999999999996,6.400000000000001,2.8000000000000003,10.4,0.29532378106466023
205,13.756100482350075,60.0,10.049999999999999,11.443097121378846,5428.309880400775,0,0,2232,4.0,4,93.33333333333333,34.733333333333334,1.0,1.0,1.7999999999999998,61.6,1.0,1.0,2.4,0.2935568793364415
206,66.71548890012366,86.66666666666667,9.633333333333335,14.508635263480373,5262.853249399632,1,1,2247,4.0,4,81.25,21.750000000000004,6.75,14.374999999999998,3.0000000000000004,30.75,13.874999999999998,50.5625,4.5,0.2918005488588883
207,68.1314015707402,93.75,11.46875,8.930004156937848,5884.700383000563,3,3,2255,4.0,4,77.77777777777777,29.000000000000004,3.2222222222222228,15.333333333333336,1.0,55.22222222222223,4.444444444444444,61.222222222222236,1.0,0.2900547263849404
208,39.1390541006387,88.88888888888889,12.13888888888889,11.73223904033574,5208.708055777404,2,2,2268,4.0,4,56.25,29.4375,1.8750000000000002,7.6875,1.0,73.9375,2.3125,25.125000000000004,1.0,0.28831934904593975
209,63.08646826775606,81.25,10.0,11.673301438240152,5199.713643312407,7,7,2277,4.0,4,50.0,32.900000000000006,0.9999999999999999,2.8000000000000003,0.9999999999999999,77.2,0.9999999999999999,3.6999999999999997,0.9999999999999999,0.2865943543493676
210,46.62341141279085,90.0,9.425,13.577546015963321,3846.766601299896,5,5,2282,4.0,4,83.33333333333334,35.99999999999999,1.0,5.833333333333334,6.0,71.5,1.0,13.166666666666668,14.000000000000002,0.28487968017659315
211,22.28565705677962,83.33333333333334,12.208333333333336,13.914217941112412,3431.4795565005625,1,1,2283,4.0,4,0.0,33.0,1.0,8.0,6.0,68.0,1.0,18.0,14.000000000000002,0.28317526478063754
212,5.278314649199085,100.0,12.000000000000002,12.38951169336387,11116.694789998292,1,1,2299,4.0,4,82.35294117647058,22.05882352941176,2.2941176470588234,18.529411764705884,1.8823529411764708,43.41176470588235,3.058823529411765,50.64705882352942,3.294117647058824,0.2814810467839494
213,75.29719264752757,94.11764705882352,11.191176470588236,10.733325507759366,6685.880134646569,3,3,2311,4.0,4,83.33333333333334,27.0,8.416666666666668,17.583333333333332,0.9999999999999999,53.49999999999999,18.000000000000004,50.16666666666666,0.9999999999999999,0.2797969651761952
214,59.76508142386945,100.0,13.5,10.652551600362616,5745.501944999584,2,2,2319,4.0,4,25.0,35.625,4.5,4.375,1.0,85.875,7.125000000000001,9.625,1.0,0.27812295931206216
215,40.60556239764783,100.0,11.375000000000002,14.143490009800692,6543.889427122849,6,6,2333,4.0,4,56.25,14.937499999999998,1.3750000000000002,27.0625,1.0,26.187499999999996,2.6875000000000004,66.3125,1.0,0.2764589689090739
216,68.97777639104163,87.5,11.09375,11.160397499774145,6557.891231812846,7,7,2344,4.0,4,75.0,28.916666666666664,7.000000000000002,8.0,0.9999999999999999,63.08333333333332,28.000000000000007,14.66666666666667,0.9999999999999999,0.27480493404542
217,53.12735260726452,91.66666666666666,11.229166666666666,10.728630969339443,4201.14743508384,3,3,2360,4.0,4,88.23529411764706,30.70588235294118,2.4705882352941178,9.941176470588237,2.176470588235294,57.470588235294116,3.823529411764706,15.000000000000002,4.0588235294117645,0.2731607951577982
218,74.79021778235615,94.11764705882352,11.323529411764707,11.692923409913842,6546.531790293503,2,2,2375,4.0,4,31.25,39.625,1.3125000000000002,2.5,1.9375,86.375,1.8125000000000002,3.6249999999999996,3.4375000000000004,0.27152649303926935
219,80.05905350307832,93.75,11.34375,16.376170289984064,5975.16015962492,11,11,2389,4.0,4,93.33333333333333,15.4,7.466666666666669,18.933333333333337,1.0,21.066666666666663,17.06666666666667,50.33333333333333,1.0,0.26990196883712503
220,60.891221797898524,93.33333333333333,10.700000000000001,8.660722841002476,7391.640220866248,1,1,2400,4.0,4,75.0,19.833333333333332,3.166666666666667,10.5,1.2500000000000002,41.99999999999999,5.916666666666667,25.416666666666664,1.7500000000000004,0.26828716405076897
221,38.59034592523919,91.66666666666666,8.6875,8.283308205991535,12737.42847216757,3,3,2415,4.0,4,80.0,16.799999999999997,3.4000000000000004,15.266666666666662,2.2000000000000006,23.866666666666667,11.8,43.73333333333333,2.933333333333333,0.26668202052960954
222,62.318271942776946,100.0,9.416666666666666,8.626062349384561,9708.317719067176,3,3,2431,4.0,4,88.23529411764706,34.11764705882353,7.705882352941177,1.0,1.7058823529411766,59.00000000000001,17.529411764705884,1.0,2.058823529411765,0.2650864804709663
223,79.6124542877363,94.11764705882352,11.132352941176471,13.622381639540016,6115.487014470787,2,2,2444,4.0,4,64.28571428571428,30.928571428571427,1.6428571428571435,7.285714285714286,0.9999999999999999,71.57142857142856,2.428571428571429,18.357142857142854,0.9999999999999999,0.263500486417988
224,60.63283912997285,92.85714285714286,10.214285714285715,12.895094367459029,9008.592754999492,5,5,2461,4.0,4,64.70588235294117,13.058823529411768,1.0,21.352941176470587,1.0,14.941176470588236,1.0,66.23529411764706,1.0,0.261923981257584
225,68.5986693975929,100.0,9.102941176470589,8.826138436092346,12654.969302764477,6,6,2475,4.0,4,92.85714285714286,25.571428571428573,0.9999999999999999,10.785714285714286,1.8571428571428577,47.071428571428584,0.9999999999999999,28.928571428571427,2.5,0.2603569082183673
226,66.38306538095884,100.0,9.803571428571429,10.516510997717063,6168.128830785073,1,1,2488,4.0,4,38.46153846153846,31.384615384615394,0.9999999999999999,26.46153846153846,0.9999999999999999,73.92307692307693,0.9999999999999999,87.07692307692308,0.9999999999999999,0.2587992108686099
227,64.85768253154941,100.0,14.961538461538465,14.33927556012972,5503.916379230549,8,8,2494,4.0,4,100.0,28.166666666666668,1.0,8.333333333333332,1.0,57.83333333333333,1.0,13.999999999999998,1.0,0.2572508331142113
228,29.716956589267568,100.0,9.625,11.294685615180217,10171.264633166478,0,0,2499,4.0,4,100.0,27.799999999999997,1.0,13.199999999999998,1.7999999999999998,56.39999999999999,1.0,40.0,2.2,0.25571171919667784
229,20.987801798318426,100.0,10.95,11.081321344543834,5109.268763799628,0,0,2512,4.0,4,84.61538461538461,30.307692307692303,0.9999999999999999,17.0,3.000000000000001,63.000000000000014,0.9999999999999999,43.46153846153846,3.9999999999999996,0.2541818136911151
230,62.268110851940975,100.0,12.826923076923077,12.00484396938211,4960.176399691801,2,2,2515,4.0,4,66.66666666666667,28.000000000000004,1.0,20.666666666666668,1.6666666666666667,56.00000000000001,1.0,43.0,2.0,0.2526610615042321
231,15.12721449664584,100.0,12.833333333333332,11.919838926157343,8593.292019999353,1,1,2528,4.0,4,100.0,28.923076923076923,0.9999999999999999,7.53846153846154,5.384615384615384,51.61538461538462,0.9999999999999999,17.30769230769231,9.076923076923078,0.2511494078723572
232,63.489598664901365,100.0,10.711538461538463,11.052311115637508,7253.5729486150485,0,0,2539,4.0,4,69.23076923076923,19.15384615384615,5.6923076923076925,17.692307692307693,1.307692307692308,26.923076923076923,12.384615384615385,51.230769230769226,1.5384615384615388,0.2496467983594657
233,49.81608142007707,84.61538461538461,10.961538461538462,9.588610525295735,5542.630434923362,4,4,2548,4.0,4,90.0,16.499999999999996,0.9999999999999999,22.600000000000005,1.4000000000000001,29.799999999999997,0.9999999999999999,51.89999999999999,1.6,0.2481531788552204
234,41.9689223488191,90.0,10.375,10.034653393079802,4712.471507200826,1,1,2554,4.0,4,83.33333333333334,31.333333333333336,1.0,12.333333333333334,3.0,76.83333333333334,1.0,24.5,4.0,0.24666849557302212
235,27.96014845724855,100.0,11.916666666666666,12.165841904174707,8269.144172666225,1,1,2566,4.0,4,58.33333333333333,11.75,1.3333333333333335,21.25,2.750000000000001,15.16666666666667,2.0000000000000004,67.74999999999999,3.9999999999999996,0.24519269504807326
236,49.8187546599413,100.0,9.270833333333334,8.1423481668297,9331.344147166115,5,5,2578,4.0,4,92.3076923076923,21.38461538461538,0.9999999999999999,13.692307692307695,3.769230769230769,37.53846153846154,0.9999999999999999,40.692307692307686,5.846153846153845,0.24372572413545238
237,57.72160508351851,92.3076923076923,9.961538461538463,8.771608669939448,6044.620850385959,1,1,2592,4.0,4,20.0,36.99999999999999,1.0,1.0,2.6000000000000005,94.33333333333334,1.0,1.0,3.8000000000000007,0.24226753000820034
238,74.9886654424924,93.33333333333333,10.4,15.393868738272296,4838.117735800915,12,12,2596,4.0,4,100.0,25.6,1.7999999999999998,1.0,1.0,40.6,2.2,1.0,1.0,0.24081806015541846
239,18.442194606192565,80.0,7.350000000000001,10.550432801510649,7194.406147999689,0,0,2611,4.0,4,68.75,30.062500000000004,1.25,3.6875,2.625,69.1875,1.3750000000000002,7.125000000000001,3.4375000000000004,0.23937726238037652
240,72.27419006843535,93.75,9.40625,12.226595484416396,4612.678616999801,5,5,2623,4.0,4,30.769230769230774,19.69230769230769,0.9999999999999999,28.846153846153843,1.307692307692308,46.307692307692314,0.9999999999999999,81.15384615384615,1.4615384615384621,0.23794508479863422
241,58.325497511378586,92.3076923076923,12.711538461538463,12.34339779024057,6098.075288615991,9,9,2635,4.0,4,85.71428571428572,27.999999999999996,2.857142857142858,12.357142857142858,0.9999999999999999,50.28571428571429,3.785714285714285,42.92857142857142,0.9999999999999999,0.23652147583617197
242,59.444475054813076,85.71428571428571,11.053571428571427,11.26452604048828,4527.13878578548,2,2,2641,4.0,4,71.42857142857143,36.57142857142857,1.2857142857142856,12.142857142857144,1.0,73.85714285714286,1.4285714285714286,51.142857142857146,1.0,0.23510638422753413
243,31.00682731360243,85.71428571428571,12.75,14.506423698086662,4813.751826286274,2,2,2650,4.0,4,88.88888888888889,24.888888888888886,2.7777777777777777,16.666666666666664,1.4444444444444446,52.11111111111112,3.6666666666666665,54.888888888888886,1.7777777777777777,0.23369975901398266
244,40.22987170532774,100.0,11.444444444444445,10.44491960989728,9486.327178334048,1,1,2666,4.0,4,50.0,35.625,1.0,8.249999999999998,3.5000000000000004,69.8125,1.0,15.75,5.375,0.2323015495416621
245,77.77592312183714,100.0,12.09375,14.112660162839289,5034.5389181256905,8,8,2677,4.0,4,72.72727272727273,32.45454545454546,2.090909090909091,3.3636363636363638,4.636363636363637,80.81818181818183,2.909090909090909,4.636363636363637,16.363636363636367,0.23091170545977552
246,50.01622473063806,100.0,10.636363636363635,12.678106876854361,9070.658069455849,3,3,2695,4.0,4,70.0,34.9,4.25,1.4000000000000001,3.1000000000000005,65.5,9.450000000000001,1.7000000000000002,10.450000000000001,0.22953017671877132
247,90.39791688220161,90.0,10.9125,13.998261513229565,6372.371549699528,6,6,2710,4.0,4,41.17647058823529,37.58823529411765,1.0,2.647058823529412,2.764705882352941,83.11764705882352,1.0,3.5882352941176467,8.941176470588237,0.22815691356854106
248,77.3766690323734,88.23529411764706,11.0,15.430720118712719,5642.512384588104,10,10,2719,4.0,4,55.55555555555556,20.0,1.0,21.111111111111114,1.0,33.666666666666664,1.0,73.33333333333333,1.0,0.2267918665566275
249,42.595580060832475,100.0,10.777777777777779,10.757110885805659,6492.509866665286,4,4,2729,4.0,4,50.0,11.000000000000002,2.5,26.5,0.9999999999999999,11.000000000000002,4.9,72.2,0.9999999999999999,0.22543498652644414
250,49.58977095863408,100.0,10.25,10.200763471219751,7589.799054500327,5,5,2738,4.0,4,88.88888888888889,26.222222222222218,1.0,8.444444444444445,1.0,55.333333333333336,1.0,16.666666666666664,1.0,0.22408622461550493
251,45.01943395303254,100.0,9.166666666666668,10.668763136916517,6928.547569444669,1,1,2756,4.0,4,36.8421052631579,34.31578947368421,1.947368421052632,1.0000000000000002,1.947368421052632,77.05263157894737,5.263157894736842,1.0000000000000002,2.421052631578947,0.22274553225366475
252,92.23564284550147,94.73684210526315,9.80263157894737,14.187677521270498,5283.973414842254,12,12,2775,4.0,4,21.05263157894737,31.684210526315788,1.0000000000000002,9.36842105263158,1.5263157894736845,87.21052631578947,1.0000000000000002,15.842105263157894,1.789473684210527,0.22141286116137013
253,95.467459035277,100.0,10.894736842105262,12.68866835916318,5564.731978842342,15,15,2784,4.0,4,90.0,18.2,0.9999999999999999,8.4,3.4999999999999996,36.7,0.9999999999999999,22.000000000000004,7.500000000000001,0.22008816334792097
254,40.362262740395025,90.0,7.775000000000001,8.040368964144328,7872.417699699145,1,1,2800,4.0,4,87.5,22.5625,3.25,15.687499999999998,1.625,41.12500000000001,4.9375,41.75,2.6250000000000004,0.21877139110974209
255,77.59889427176002,100.0,10.78125,10.418970267166639,4880.046157687502,2,2,2816,4.0,4,56.25,32.6875,3.6250000000000004,1.25,4.5625,69.75,5.437499999999999,1.4375,11.6875,0.21746249702866555
256,81.75493099921962,100.0,10.53125,12.9063937516258,6913.170429186721,7,7,2828,4.0,4,46.15384615384615,34.384615384615394,2.230769230769231,0.9999999999999999,4.6923076923076925,79.15384615384615,3.0000000000000004,0.9999999999999999,17.615384615384606,0.2161614339702232
257,60.42490201262628,92.3076923076923,10.576923076923077,13.901736177861004,6609.129747614833,7,7,2847,4.0,4,20.0,34.54999999999999,2.6,1.0000000000000002,1.0000000000000002,82.40000000000002,3.8,1.0000000000000002,1.0000000000000002,0.214868155081949
258,100.27676957044817,95.0,9.7875,14.336521674041897,5450.837650049289,16,16,2864,4.0,4,27.777777777777786,35.05555555555556,2.9444444444444446,2.444444444444445,1.0000000000000002,84.83333333333334,6.055555555555555,5.166666666666667,1.0000000000000002,0.21358261379169186
259,85.82260075946648,94.44444444444444,10.361111111111114,14.318634402815466,5293.0453516661755,13,13,2882,4.0,4,26.31578947368422,32.63157894736842,1.2631578947368425,1.0000000000000002,1.0000000000000002,79.84210526315789,1.6842105263157898,1.0000000000000002,1.0000000000000002,0.21230476380593874
260,90.74352127341598,94.73684210526315,8.973684210526317,13.668802509912869,5841.775554105545,14,14,2893,4.0,4,76.92307692307692,31.461538461538463,0.9999999999999999,0.9999999999999999,7.461538461538461,65.15384615384615,0.9999999999999999,0.9999999999999999,15.769230769230768,0.21103455910814745
261,51.935012904726186,84.61538461538461,10.23076923076923,13.259573559249166,5771.645077537799,3,3,2908,4.0,4,66.66666666666667,31.466666666666665,5.000000000000002,2.333333333333333,6.7333333333333325,64.13333333333334,8.0,3.3333333333333335,20.39999999999999,0.2097719539570897
262,74.30530846378029,100.0,11.383333333333333,12.432647858265993,5695.168517599329,5,5,2924,4.0,4,70.58823529411765,35.94117647058823,5.88235294117647,5.176470588235295,5.9411764705882355,76.94117647058823,15.764705882352942,9.823529411764707,11.647058823529413,0.20851690288520372
263,77.06347364410611,94.11764705882352,13.23529411764706,13.269422105219085,5472.721220645968,5,5,2940,4.0,4,68.75,24.312499999999996,1.0,15.625000000000004,1.3750000000000002,40.6875,1.0,45.375,1.5625,0.20726936069695695
264,75.21306420422815,100.0,10.578125,12.68111624119136,7422.834134499681,5,5,2956,4.0,4,23.529411764705884,37.117647058823536,1.0,2.4117647058823533,2.0588235294117645,89.64705882352942,1.0,3.2352941176470593,2.5882352941176476,0.20602928246721872
265,82.69326529181284,94.11764705882352,10.647058823529413,15.322554950508255,4587.551975294071,13,13,2963,4.0,4,28.57142857142857,37.57142857142857,1.0,2.7142857142857144,1.0,74.71428571428571,1.0,3.571428571428571,1.0,0.20479662353964218
266,37.872567554731425,100.0,10.571428571428571,15.606821167945567,7665.416576286329,5,5,2969,4.0,4,16.666666666666657,37.00000000000001,1.6666666666666667,1.0,1.0,92.5,2.0,1.0,1.0,0.20357133952505635
267,30.710013665910488,100.0,10.166666666666666,15.499924078275063,4439.173150833085,5,5,2979,4.0,4,66.66666666666667,33.25,5.416666666666668,2.666666666666667,0.9999999999999999,72.08333333333331,11.833333333333336,3.4999999999999996,0.9999999999999999,0.20235338629986757
268,48.56352810453225,83.33333333333334,10.583333333333334,13.200305583188657,5356.4400709995725,4,4,2990,4.0,4,25.0,38.25,1.416666666666667,0.9999999999999999,0.9999999999999999,84.91666666666667,2.083333333333334,0.9999999999999999,0.9999999999999999,0.20114272000447064
269,59.599931742003115,91.66666666666666,10.416666666666668,16.082721360277453,5732.3422236665165,9,9,3003,4.0,4,69.23076923076923,34.07692307692308,7.923076923076923,0.9999999999999999,6.076923076923079,65.76923076923076,32.153846153846146,0.9999999999999999,23.84615384615385,0.19993929704166927
270,64.80824360641101,100.0,12.269230769230772,13.312195880997432,6115.955520230413,4,4,3007,4.0,4,100.0,28.000000000000004,13.0,12.666666666666664,1.0,57.99999999999999,54.99999999999999,40.666666666666664,1.0,0.19874307407510625
271,16.721079244110612,66.66666666666666,13.666666666666668,10.071776848342079,2202.3988101658083,0,0,3020,4.0,4,71.42857142857143,31.5,3.7142857142857144,10.428571428571429,1.3571428571428577,65.07142857142857,11.642857142857144,31.642857142857128,1.928571428571429,0.19755400802770273
272,65.04937849292179,92.85714285714286,11.750000000000002,12.374854159897106,8419.041466357678,4,4,3039,4.0,4,26.31578947368422,37.05263157894737,3.6315789473684212,2.3157894736842106,1.0000000000000002,83.6842105263158,7.8421052631578965,4.421052631578948,1.0000000000000002,0.19637205608010702
273,92.82779904435455,100.0,11.000000000000002,15.12666834323764,7970.707405420207,14,14,3051,4.0,4,38.46153846153846,36.15384615384615,0.9999999999999999,1.615384615384615,1.3846153846153846,80.6923076923077,0.9999999999999999,2.076923076923077,2.0,0.19519717566915276
274,60.679224571270595,92.3076923076923,10.038461538461538,15.093506724476773,4703.1980916933835,8,8,3064,4.0,4,46.15384615384615,41.6923076923077,2.230769230769231,3.76923076923077,5.769230769230769,83.84615384615385,3.153846153846154,5.846153846153846,15.307692307692308,0.1940293244863259
275,68.91155601019162,100.0,13.365384615384615,16.508830743098407,7379.874302846124,7,7,3064,4.0,4,100.0,0.19286846047624145
276,0,0,0,0,0,0,0,3064,4,4,100.0,0.19171454183512882
277,0,0,0,0,0,0,0,3074,4,4,41.666666666666664,33.416666666666664,0.9999999999999999,0.9999999999999999,0.9999999999999999,83.58333333333334,0.9999999999999999,0.9999999999999999,0.9999999999999999,0.1905675270093265
278,51.95018387021025,83.33333333333334,9.104166666666668,14.036828419672776,4927.31502524839,7,7,3089,4.0,4,13.333333333333329,33.26666666666666,1.0,4.666666666666668,1.0,83.73333333333332,1.0,10.533333333333337,1.0,0.18942737469378565
279,77.64887949626085,100.0,9.983333333333336,13.558045563864768,6539.378594934048,13,13,3097,4.0,4,50.0,30.25,1.0,4.0,1.0,71.75,1.0,14.500000000000002,1.0,0.1882940438305826
280,40.32543098347252,100.0,9.062500000000002,12.394037568864489,5982.389088000673,4,4,3108,4.0,4,16.666666666666657,36.25,0.9999999999999999,3.5000000000000004,0.9999999999999999,87.66666666666666,0.9999999999999999,12.250000000000002,0.9999999999999999,0.1871674936074405
281,55.626451057577036,91.66666666666666,10.4375,14.988017668908551,6883.486601333668,10,10,3121,4.0,4,64.28571428571428,30.14285714285715,1.428571428571429,0.9999999999999999,2.0714285714285716,64.49999999999999,1.6428571428571435,0.9999999999999999,3.785714285714286,0.18604768345625944
282,52.024610171600585,92.85714285714286,8.660714285714285,12.443166945076452,11023.7012594272,5,5,3131,4.0,4,50.0,29.599999999999998,0.9999999999999999,3.5000000000000004,3.2,67.00000000000001,0.9999999999999999,7.500000000000001,6.499999999999999,0.18493457305165575
283,43.83901528461707,100.0,9.325,11.869949051276448,12939.187381699594,5,5,3147,4.0,4,76.47058823529412,23.764705882352942,5.235294117647059,1.0,9.0,43.705882352941174,20.058823529411764,1.0,28.41176470588235,0.18382812230950962
284,72.98545341286165,94.11764705882352,9.750000000000002,9.750788640392859,8635.159600881332,4,4,3154,4.0,4,85.71428571428572,26.285714285714285,1.0,1.0,20.0,48.28571428571429,1.0,1.0,73.42857142857142,0.18272829138552188
285,34.69461500205197,100.0,12.071428571428571,11.930404752133486,5956.144377142274,1,1,3173,4.0,4,78.94736842105263,32.36842105263158,1.3157894736842108,3.3684210526315783,1.3157894736842108,58.631578947368425,2.421052631578948,7.157894736842106,2.421052631578948,0.18163504067377897
286,94.7441395234112,100.0,9.592105263157896,13.255895572962817,7580.6316869466655,4,4,3187,4.0,4,57.142857142857146,35.14285714285714,0.9999999999999999,4.142857142857143,0.9999999999999999,74.71428571428572,0.9999999999999999,6.499999999999999,0.9999999999999999,0.18054833080532676
287,73.15038423330465,100.0,10.321428571428573,14.403847063560363,5895.584056072299,6,6,3204,4.0,4,52.94117647058824,30.000000000000004,1.4705882352941175,3.3529411764705883,1.3529411764705885,69.17647058823529,2.4117647058823533,6.0,2.058823529411765,0.17946812264675277
288,58.494716196865156,100.0,9.044117647058824,12.363301574774201,16871.42886264594,8,8,3219,4.0,4,53.333333333333336,39.600000000000016,3.0000000000000004,5.666666666666669,2.0,79.66666666666666,10.000000000000002,13.133333333333338,3.6666666666666665,0.1783943772987772
289,72.51976319571286,100.0,12.566666666666668,15.733859565082534,5169.222008199237,7,7,3239,4.0,4,50.0,35.7,6.150000000000001,1.0000000000000002,3.5000000000000004,74.15,13.850000000000001,1.0000000000000002,7.650000000000001,0.17732705609485178
290,101.52751326724963,100.0,11.587500000000002,14.287477887917307,7257.241179151242,10,10,3249,4.0,4,60.0,31.900000000000006,2.2,0.9999999999999999,2.9,73.5,3.1,0.9999999999999999,4.5,0.1762661205997677
291,49.34711948309331,100.0,9.5,13.009601723022332,8697.302711899829,4,4,3260,4.0,4,36.36363636363637,30.45454545454545,5.090909090909091,2.818181818181819,2.0000000000000004,76.54545454545455,11.636363636363637,5.727272727272728,3.090909090909091,0.17521153260827113
292,54.808659415173075,100.0,10.090909090909092,11.943456317657365,7257.155088180629,7,7,3274,4.0,4,33.33333333333334,34.26666666666667,1.0,1.0,1.0,82.0,1.0,1.0,1.0,0.17416325414368775
293,73.91657861697911,93.33333333333333,9.316666666666666,14.404889216281164,5141.104947932763,10,10,3288,4.0,4,53.333333333333336,33.60000000000001,4.200000000000001,1.0,2.6,67.20000000000003,15.400000000000002,1.0,3.8000000000000007,0.17312124745655508
294,70.73885963513615,93.33333333333333,10.350000000000001,13.57052526499568,5574.6318887996795,7,7,3307,4.0,4,57.89473684210527,34.21052631578947,6.263157894736842,1.7368421052631582,4.36842105263158,76.05263157894736,19.47368421052632,2.1052631578947367,6.894736842105265,0.17208547502326285
295,92.90085297591477,100.0,11.644736842105264,13.419556182605655,6084.788622104449,8,8,3314,4.0,4,85.71428571428572,25.85714285714286,2.4285714285714293,3.2857142857142856,1.0,53.85714285714286,5.857142857142858,5.0,1.0,0.17105589954470235
296,32.904319642727366,100.0,8.142857142857144,10.455620748917301,7867.996421571921,1,1,3326,4.0,4,30.769230769230774,38.76923076923076,0.9999999999999999,2.538461538461539,0.9999999999999999,79.92307692307693,0.9999999999999999,3.6923076923076925,0.9999999999999999,0.17003248394492249
297,64.96412376515855,92.3076923076923,10.826923076923075,16.16792686439003,4726.627085460327,9,9,3330,4.0,4,40.0,35.400000000000006,1.0,1.0,1.0,69.6,1.0,1.0,1.0,0.16901519136979515
298,21.240413984655316,80.0,9.6,14.895636945092344,9138.043861997721,3,3,3340,4.0,4,81.81818181818181,36.54545454545455,4.636363636363637,0.9999999999999999,3.1818181818181817,65.36363636363636,10.454545454545459,0.9999999999999999,4.818181818181818,0.1680039851856879
299,50.43738028152376,90.9090909090909,11.340909090909092,14.642677763937971,4005.0705846356736,2,2,3340,4.0,4,100.0,0.16699882897814483
300,0,0,0,0,0,0,0,3349,4,4,33.33333333333334,32.77777777777778,2.666666666666667,1.0,2.7777777777777777,82.44444444444444,5.333333333333334,1.0,4.111111111111112,0.16599968655057512
301,46.15430717940501,100.0,9.805555555555557,13.317380817018487,7168.876802333722,6,6,3357,4.0,4,88.88888888888889,27.77777777777778,3.2222222222222228,1.0,12.000000000000002,55.666666666666664,4.888888888888889,1.0,28.777777777777775,0.16500652192294982
302,35.91999141990433,88.88888888888889,11.0,11.087923146981987,2882.9895760007075,1,1,3373,4.0,4,87.5,26.0625,1.25,1.8750000000000002,13.6875,49.25000000000001,1.4375,2.3125,30.4375,0.16401929933050574
303,77.00544395296839,100.0,10.71875,12.28032509798251,8579.744841627416,2,2,3383,4.0,4,0.0,44.9,0.9999999999999999,0.9999999999999999,0.9999999999999999,87.4,0.9999999999999999,0.9999999999999999,0.9999999999999999,0.163037983222458
304,56.74722271607947,100.0,11.975,19.00925761306843,5738.634974499291,10,10,3400,4.0,4,88.88888888888889,30.33333333333334,8.11111111111111,1.0000000000000002,1.0000000000000002,53.222222222222236,24.44444444444444,1.0000000000000002,1.0000000000000002,0.1620625382607195
305,85.3046213087703,94.44444444444444,10.111111111111109,12.356573365197512,5891.864256610764,2,2,3412,4.0,4,53.84615384615385,35.15384615384616,3.769230769230769,0.9999999999999999,10.692307692307693,75.84615384615384,5.846153846153845,0.9999999999999999,30.692307692307697,0.16109292931862862
306,57.94204298259142,92.3076923076923,12.653846153846152,13.564366220859547,3764.522083306824,6,6,3418,4.0,4,16.666666666666657,40.166666666666664,2.3333333333333335,1.0,14.833333333333334,87.66666666666666,3.333333333333334,1.0,38.5,0.16012912147968386
307,32.40745663852151,100.0,14.583333333333334,15.791907563769412,5524.765004999305,5,5,3435,4.0,4,83.33333333333334,29.833333333333336,4.666666666666667,1.0000000000000002,9.000000000000002,62.94444444444445,10.166666666666666,1.0000000000000002,26.77777777777777,0.15917108003628694
308,79.94950461692503,94.44444444444444,11.125,11.604985280642568,6251.504202388686,3,3,3446,4.0,4,58.33333333333333,32.083333333333336,0.9999999999999999,6.000000000000002,1.7500000000000004,73.25,0.9999999999999999,23.5,3.5000000000000004,0.15821877048849267
309,54.91934315366079,91.66666666666666,10.208333333333334,12.92791350411386,5399.233094668186,5,5,3464,4.0,4,44.44444444444444,37.5,3.0000000000000004,4.777777777777778,2.166666666666667,82.27777777777779,10.000000000000002,15.94444444444445,4.722222222222223,0.15727215854276666
310,87.63496097163531,100.0,11.861111111111112,14.935257459934622,6559.820255889564,10,10,3484,4.0,4,90.0,28.200000000000003,1.0000000000000002,3.7000000000000006,7.850000000000001,56.39999999999999,1.0000000000000002,6.550000000000001,26.1,0.15633121011075038
311,95.57351860126411,100.0,10.1875,10.877468997893132,8112.708093449328,2,2,3496,4.0,4,66.66666666666667,36.083333333333336,0.9999999999999999,0.9999999999999999,16.333333333333332,74.66666666666667,0.9999999999999999,0.9999999999999999,63.583333333333336,0.15539589130803344
312,61.93246234084879,100.0,13.604166666666668,14.493160164308902,6173.385830249269,4,4,3507,4.0,4,84.61538461538461,15.538461538461542,0.9999999999999999,18.615384615384617,1.9230769230769231,23.692307692307686,0.9999999999999999,52.23076923076923,2.4615384615384617,0.15446616845293376
313,49.387152941339764,84.61538461538461,9.26923076923077,9.013129882185417,7347.402446922318,2,2,3521,4.0,4,42.85714285714286,11.000000000000004,0.9999999999999999,29.642857142857142,1.285714285714286,11.000000000000004,0.9999999999999999,75.28571428571429,1.428571428571429,0.15354200806528426
314,71.8562120558532,100.0,10.732142857142858,11.651876057492373,5682.711351288162,8,8,3533,4.0,4,50.0,12.749999999999998,22.916666666666664,15.000000000000002,0.9999999999999999,17.75,75.16666666666666,33.5,0.9999999999999999,0.15262337686522753
315,57.73600352132797,100.0,12.916666666666668,8.649990218533398,4298.807039333042,6,6,3543,4.0,4,100.0,25.5,11.000000000000002,5.0,0.9999999999999999,57.9,28.89999999999999,10.4,0.9999999999999999,0.15171024177201695
316,48.83066521124228,100.0,10.625000000000002,10.56444929585908,8885.639012701722,0,0,3554,4.0,4,25.0,39.75,0.9999999999999999,5.000000000000001,0.9999999999999999,90.75000000000001,0.9999999999999999,7.999999999999999,0.9999999999999999,0.1508025699028261
317,58.71786827684703,91.66666666666666,11.6875,16.28520527407721,4770.243593249688,9,9,3567,4.0,4,100.0,27.857142857142854,5.285714285714287,3.1428571428571423,9.35714285714286,59.57142857142858,12.142857142857148,5.928571428571429,27.71428571428572,0.14990032857156396
318,58.3217194618037,92.85714285714286,11.410714285714285,9.873626091725928,6218.326011571272,0,0,3587,4.0,4,65.0,19.2,1.2000000000000002,19.350000000000005,2.7499999999999996,34.2,1.6000000000000003,57.45,5.900000000000001,0.14900348528769827
319,94.42807577418851,100.0,10.625,9.286540376352479,6844.868911999583,7,7,3594,4.0,4,100.0,22.375,3.5000000000000004,4.124999999999999,5.500000000000001,36.5,7.250000000000001,9.125000000000002,8.375,0.1481120077550853
320,26.331909755609846,87.5,8.875000000000002,8.24304382493172,6386.965056000918,0,0,3610,4.0,4,87.5,12.625,17.6875,10.875,9.5625,13.375,57.43750000000001,16.9375,25.5625,0.1472258638708069
321,73.37996487332677,100.0,12.687500000000002,6.500073180569248,5170.220895437524,2,2,3625,4.0,4,75.0,26.125,8.0625,1.5625,10.375,52.625,25.5,1.8124999999999998,22.1875,0.14634502172401453
322,73.5580309550783,93.75,11.53125,10.265461241524058,7608.303757564045,4,4,3634,4.0,4,33.33333333333334,42.33333333333334,1.0,1.0,1.0,82.22222222222223,1.0,1.0,1.0,0.14546944959477998
323,50.21757824688284,100.0,11.333333333333336,17.8978583448784,6641.570859222459,6,6,3645,4.0,4,63.63636363636363,29.18181818181818,8.272727272727273,0.9999999999999999,4.818181818181818,56.45454545454546,28.727272727272723,0.9999999999999999,13.000000000000005,0.1445991159529532
324,52.66221982693205,100.0,10.818181818181817,12.084182342630156,7439.57169700033,4,4,3662,4.0,4,41.17647058823529,27.235294117647058,15.647058823529411,1.0,1.0,56.17647058823528,44.23529411764706,1.0,1.0,0.1437339894570268
325,80.50097680224336,100.0,11.220588235294118,13.33141803481695,7315.0326560580115,10,10,3676,4.0,4,50.0,32.42857142857143,4.7857142857142865,6.000000000000001,0.9999999999999999,72.71428571428571,13.499999999999998,16.85714285714286,0.9999999999999999,0.14287403895300763
326,67.56083379058816,100.0,11.053571428571427,12.950395736694842,4258.792115570811,7,7,3692,4.0,4,56.25,11.0,4.5625,26.25,1.25,11.0,15.437500000000002,79.75000000000001,1.4375,0.14201923347329445
327,79.02071768788241,100.0,10.765625,9.852671483578337,6501.4284517505985,7,7,3698,4.0,4,100.0,12.333333333333334,14.166666666666666,13.5,5.0,13.0,37.66666666666667,37.5,8.0,0.14116954223556327
328,27.17985926228137,100.0,11.249999999999998,5.111892987325736,5004.524243831838,0,0,3704,4.0,4,100.0,28.57142857142857,21.0,3.8571428571428577,5.0,43.99999999999999,62.0,6.000000000000001,8.0,0.14032493464165852
329,30.087776235767414,85.71428571428571,14.60714285714286,10.697196278469336,3215.129114429666,0,0,3716,4.0,4,25.0,40.75,3.6666666666666674,2.5000000000000004,1.3333333333333335,85.58333333333333,10.583333333333334,3.2499999999999996,1.5833333333333335,0.1394853802764913
330,64.7753975560466,100.0,12.062500000000002,16.735006788759502,5654.156999251427,9,9,3735,4.0,4,78.94736842105263,31.842105263157887,6.578947368421054,5.263157894736842,2.5789473684210527,65.3157894736842,16.57894736842106,11.526315789473681,3.3684210526315796,0.13865084890694396
331,93.9331582819091,100.0,11.56578947368421,12.047090733492798,5454.547663631322,4,4,3745,4.0,4,100.0,24.16666666666667,4.333333333333334,12.583333333333332,4.0,40.833333333333336,10.000000000000002,25.75,6.249999999999999,0.1378213104807817
332,44.91115310622578,83.33333333333334,11.270833333333334,9.46493651713586,5623.135237749618,0,0,3759,4.0,4,92.85714285714286,22.928571428571434,2.7857142857142856,7.714285714285715,4.2857142857142865,43.50000000000001,5.642857142857144,15.99999999999999,7.714285714285715,0.1369967351255699
333,59.38108609795231,100.0,9.428571428571429,8.854556909637342,10263.532692785313,1,1,3777,4.0,4,38.888888888888886,36.99999999999999,3.5000000000000004,1.7777777777777781,1.0000000000000002,78.66666666666666,7.500000000000003,2.166666666666667,1.0000000000000002,0.1361770931475989
334,93.84631125148665,100.0,10.819444444444445,15.19201620095064,7708.889441611569,11,11,3792,4.0,4,80.0,13.666666666666668,1.6000000000000003,16.000000000000004,4.800000000000002,21.599999999999994,2.666666666666667,44.000000000000014,17.799999999999994,0.13536235503081442
335,58.52619815850966,100.0,9.016666666666666,7.275115203311858,9827.975745466634,3,3,3806,4.0,4,42.85714285714286,33.57142857142857,1.7142857142857146,9.42857142857143,0.9999999999999999,72.71428571428572,2.8571428571428577,26.428571428571416,0.9999999999999999,0.13455249143575448
336,73.73177111783222,100.0,11.428571428571429,13.733878290875678,6335.4855147876415,8,8,3814,4.0,4,100.0,20.625,10.500000000000002,1.0,6.0,29.25,20.25,1.0,14.000000000000002,0.13374747319849337
337,35.06275389547348,100.0,9.53125,7.655192102193864,8655.62009425048,0,0,3830,4.0,4,70.58823529411765,18.764705882352942,1.2352941176470589,16.058823529411764,2.11764705882353,36.1764705882353,1.7058823529411766,51.235294117647065,3.1764705882352944,0.13294727132959075
338,72.88999365010254,94.11764705882352,9.544117647058824,9.069977269736627,8507.99218464689,5,5,3842,4.0,4,78.57142857142857,11.000000000000004,0.9999999999999999,17.78571428571429,0.9999999999999999,11.000000000000004,0.9999999999999999,46.0,0.9999999999999999,0.13215185701304843
339,48.21184985232107,85.71428571428571,7.696428571428572,7.221939870734202,8783.84768199976,3,3,3857,4.0,4,80.0,11.000000000000004,1.0,25.666666666666664,2.666666666666667,11.000000000000004,1.0,53.26666666666667,5.333333333333334,0.13136120160527226
340,68.5837690716615,100.0,10.083333333333332,9.924957618529984,6209.860536200479,3,3,3862,4.0,4,0.0,11.000000000000002,1.0,34.599999999999994,1.0,11.000000000000002,1.0,95.0,1.0,0.13057527663404056
341,26.590669014369222,100.0,11.899999999999999,13.728873237538524,5188.8568108013715,5,5,3872,4.0,4,50.0,17.2,0.9999999999999999,19.900000000000002,0.9999999999999999,22.600000000000005,0.9999999999999999,60.099999999999994,0.9999999999999999,0.12979405379747924
342,48.8308095634023,100.0,9.775,9.897301455325696,7093.349276199297,5,5,3888,4.0,4,50.0,36.68749999999999,1.9375,5.0,1.0,75.75,3.4375000000000004,11.8125,1.0,0.12901750496304218
343,83.90893481512455,100.0,11.15625,14.87721913515719,6624.403226562208,8,8,3903,4.0,4,81.25,16.8125,1.0,22.562500000000004,1.0,21.875,1.0,50.5,1.0,0.12824560216649847
344,71.89357454246444,93.75,10.34375,10.977597269905386,5406.69276124936,3,3,3909,4.0,4,71.42857142857143,11.0,1.0,20.285714285714285,3.8571428571428577,11.0,1.0,50.28571428571429,8.42857142857143,0.12747831761092512
345,27.80314852856953,85.71428571428571,9.035714285714285,7.549516894191047,5106.496209857661,2,2,3922,4.0,4,50.0,33.42857142857144,0.9999999999999999,1.785714285714286,3.5000000000000004,70.35714285714285,0.9999999999999999,2.1428571428571432,7.5,0.1267156236657062
346,66.44194663164679,92.85714285714286,9.92857142857143,13.675422712950697,5205.320092498629,7,7,3938,4.0,4,68.75,31.625000000000004,1.0,3.0625000000000004,1.0,60.4375,1.0,4.875,1.0,0.12595749286553798
347,79.3350496451088,100.0,9.171875000000002,13.051979906023343,8294.489955875179,5,5,3945,4.0,4,100.0,20.57142857142857,1.0,2.857142857142858,7.142857142857142,36.85714285714286,1.0,4.857142857142858,16.42857142857143,0.12520389790943956
